				;
				;	Disassembled by:
				;		DASMx object code disassembler
				;		(c) Copyright 1996-2003   Conquest Consultants
				;		Version 1.40 (Oct 18 2003)
				;
				;	File:		ASMB.bin
				;
				;	Size:		57568 bytes
				;	Checksum:	B174
				;	CRC-32:		9C372EED
				;
				;	Date:		Thu Feb 12 10:31:59 2026
				;
				;	CPU:		Motorola 6800 (6800/6802/6808 family)
				;
				;
				;
					org	$0020
				;
0020				X0020:
0020 : FE E0 14		"   "		ldx	XE014		top of ram ($FF00 in EXBUG)
0023				X0023:
0023 : 08		" "		inx
0024				X0024:
0024 : FF 03 01		"   "		stx	X0301
0027				X0027:
0027 : 7E 01 00		"~  "		jmp	L0100
				;
002A				X002A:
002A : 00		" "		db	$00
002B				X002B:
002B : 00		" "		db	$00
002C				X002C:
002C : 00		" "		db	$00
002D				X002D:
002D : 00		" "		db	$00
002E				X002E:
002E : 00		" "		db	$00
002F				X002F:
002F : 00		" "		db	$00
0030				X0030:
0030 : 00 00		"  "		db	$00, $00
0032				X0032:
0032 : 00		" "		db	$00
0033				X0033:
0033 : 00		" "		db	$00
0034				X0034:
0034 : 00 00		"  "		db	$00, $00
0036				X0036:
0036 : 00		" "		db	$00
0037				X0037:
0037 : 00		" "		db	$00
0038				X0038:
0038 : 00		" "		db	$00
0039				X0039:
0039 : 00 00 00 00	"    "		db	$00, $00, $00, $00
003D				X003D:
003D : 00		" "		db	$00
003E				X003E:
003E : 00		" "		db	$00
003F				X003F:
003F : 00		" "		db	$00
0040				X0040:
0040 : 00		" "		db	$00
0041				X0041:
0041 : 00		" "		db	$00
0042				X0042:
0042 : 00		" "		db	$00
0043				X0043:
0043 : 00		" "		db	$00
0044				X0044:
0044 : 00		" "		db	$00
0045				X0045:
0045 : 00		" "		db	$00
0046				X0046:
0046 : 00		" "		db	$00
0047				X0047:
0047 : 00		" "		db	$00
0048				X0048:
0048 : 00		" "		db	$00
0049				X0049:
0049 : 00		" "		db	$00
004A				X004A:
004A : 00		" "		db	$00
004B				X004B:
004B : 00		" "		db	$00
004C				X004C:
004C : 00		" "		db	$00
004D				X004D:
004D : 00		" "		db	$00
004E				X004E:
004E : 00		" "		db	$00
004F				X004F:
004F : 00		" "		db	$00
0050				X0050:
0050 : 00 00 00		"   "		db	$00, $00, $00
0053				X0053:
0053 : 00		" "		db	$00
0054				X0054:
0054 : 00 00		"  "		db	$00, $00
0056				X0056:
0056 : 00 00		"  "		db	$00, $00
0058				X0058:
0058 : 00		" "		db	$00
0059				X0059:
0059 : 00 00		"  "		db	$00, $00
005B				X005B:
005B : 00		" "		db	$00
005C				X005C:
005C : 00 00		"  "		db	$00, $00
005E				X005E:
005E : 00 00		"  "		db	$00, $00
0060				X0060:
0060 : 00		" "		db	$00
0061				X0061:
0061 : 00		" "		db	$00
0062				X0062:
0062 : 00		" "		db	$00
0063				X0063:
0063 : 00 00		"  "		db	$00, $00
0065				X0065:
0065 : 00 00		"  "		db	$00, $00
0067				X0067:
0067 : 00 00		"  "		db	$00, $00
0069				X0069:
0069 : 00 00		"  "		db	$00, $00
006B				X006B:
006B : 00 00		"  "		db	$00, $00
006D				X006D:
006D : 00		" "		db	$00
006E				X006E:
006E : 00		" "		db	$00
006F				X006F:
006F : 00		" "		db	$00
0070				X0070:
0070 : 00 00		"  "		db	$00, $00
0072				X0072:
0072 : 00		" "		db	$00
0073				X0073:
0073 : 00		" "		db	$00
0074				X0074:
0074 : 00		" "		db	$00
0075				X0075:
0075 : 00		" "		db	$00
0076				X0076:
0076 : 00		" "		db	$00
0077				X0077:
0077 : 00		" "		db	$00
0078				X0078:
0078 : 00		" "		db	$00
0079				X0079:
0079 : 00		" "		db	$00
007A				X007A:
007A : 00		" "		db	$00
007B				X007B:
007B : 00		" "		db	$00
007C				X007C:
007C : 00		" "		db	$00
007D				X007D:
007D : 00		" "		db	$00
007E				X007E:
007E : 00		" "		db	$00
007F				X007F:
007F : 00		" "		db	$00
0080				X0080:
0080 : 00		" "		db	$00
0081				X0081:
0081 : 00		" "		db	$00
0082				X0082:
0082 : 00		" "		db	$00
0083				X0083:
0083 : 00		" "		db	$00
0084				X0084:
0084 : 00		" "		db	$00
0085				X0085:
0085 : 00		" "		db	$00
0086				X0086:
0086 : 00 00		"  "		db	$00, $00
0088				X0088:
0088 : 00		" "		db	$00
0089				X0089:
0089 : 00		" "		db	$00
008A				X008A:
008A : 00		" "		db	$00
008B				X008B:
008B : 00		" "		db	$00
008C				X008C:
008C : 00		" "		db	$00
008D				X008D:
008D : 00		" "		db	$00
008E				X008E:
008E : 00 00 00 00	"    "		db	$00, $00, $00, $00
0092				X0092:
0092 : 00		" "		db	$00
0093				X0093:
0093 : 00 00 00 00	"    "		db	$00, $00, $00, $00
0097 : 00 00 00 00	"    "		db	$00, $00, $00, $00
009B : 00		" "		db	$00
009C				X009C:
009C : 00 00 00 00	"    "		db	$00, $00, $00, $00
00A0 : 00 00 00 00	"    "		db	$00, $00, $00, $00
00A4 : 00 00 00 00	"    "		db	$00, $00, $00, $00
00A8 : 00 00 00 00	"    "		db	$00, $00, $00, $00
00AC : 00 00 00 00	"    "		db	$00, $00, $00, $00
00B0 : 00 00 00 00	"    "		db	$00, $00, $00, $00
00B4 : 00 00 00 00	"    "		db	$00, $00, $00, $00
00B8 : 00 00 00 00	"    "		db	$00, $00, $00, $00
00BC : 00 00		"  "		db	$00, $00
00BE				X00BE:
00BE : 00		" "		db	$00
00BF				X00BF:
00BF : 00		" "		db	$00
00C0				X00C0:
00C0 : 00 00		"  "		db	$00, $00
00C2				X00C2:
00C2 : 00 00 00 00	"    "		db	$00, $00, $00, $00
00C6 : 00 00 00 00	"    "		db	$00, $00, $00, $00
00CA : 00 00 00 00	"    "		db	$00, $00, $00, $00
00CE				X00CE:
00CE : 00 00 00 00	"    "		db	$00, $00, $00, $00
00D2 : 00 00 00 00	"    "		db	$00, $00, $00, $00
00D6 : 00 00 00 00	"    "		db	$00, $00, $00, $00
00DA : 00 00 00 00	"    "		db	$00, $00, $00, $00
00DE : 00 00 00 00	"    "		db	$00, $00, $00, $00
00E2 : 00 00 00 00	"    "		db	$00, $00, $00, $00
00E6 : 00 00 00 00	"    "		db	$00, $00, $00, $00
00EA : 00 00 00 00	"    "		db	$00, $00, $00, $00
00EE : 00 00		"  "		db	$00, $00
00F0				X00F0:
00F0 : 00 00		"  "		db	$00, $00
00F2				X00F2:
00F2 : 00		" "		db	$00
00F3				X00F3:
00F3 : 00 00		"  "		db	$00, $00
00F5				X00F5:
00F5 : 00		" "		db	$00
00F6				X00F6:
00F6 : 00		" "		db	$00
00F7				X00F7:
00F7 : 00 00 00 00	"    "		db	$00, $00, $00, $00
00FB : 00 00 00 00	"    "		db	$00, $00, $00, $00
00FF : 00		" "		db	$00
				;
0100				L0100:
0100 : 7E 08 F4		"~  "		jmp	L08F4
0103 : 7E 16 41		"~ A"		jmp	L1641
0106				L0106:
0106 : 7E 01 3F		"~ ?"		jmp	L013F
0109				L0109:
0109 : 7E 01 85		"~  "		jmp	L0185
010C				L010C:
010C : 7E 01 9D		"~  "		jmp	L019D
010F : 7E 01 AB		"~  "		jmp	L01AB
0112				L0112:
0112 : 7E 01 B5		"~  "		jmp	L01B5
0115				L0115:
0115 : 7E 01 6B		"~ k"		jmp	L016B
0118				L0118:
0118 : 7E 01 4C		"~ L"		jmp	L014C
011B : 7E 01 4F		"~ O"		jmp	L014F
011E				vCrLfSt:
011E : 7E EE EA		"~  "		jmp	crLfStr
0121				vDspStr:
0121 : 7E EE EC		"~  "		jmp	dispStr
0124				L0124:
0124 : 7E EE F9		"~  "		jmp	crLf
0127				L0127:
0127 : 7E 01 7B		"~ {"		jmp	L017B
012A				L012A:
012A : 7E 02 33		"~ 3"		jmp	L0233		Disabled by RTS
012D				L012D:
012D : 7E 02 5A		"~ Z"		jmp	L025A		Disabled by RTS
0130 : 7E E8 21		"~ !"		jmp	MONITOR
0133				L0133:
0133 : 7E 01 1E		"~  "		jmp	vCrLfSt
0136				L0136:
0136 : 7E 01 21		"~ !"		jmp	vDspStr
0139				L0139:
0139 : 7E 01 39		"~ 9"		jmp	L0139
013C				L013C:
013C : 7E 01 3C		"~ <"		jmp	L013C
				;
013F				L013F:
013F : 7F 00 F2		"   "		clr	X00F2
0142 : 7F 00 F6		"   "		clr	X00F6
0145 : 7F 00 F5		"   "		clr	X00F5
0148 : 7F 00 F7		"   "		clr	X00F7
014B : 39		"9"		rts
				;
014C				L014C:
014C : 7C 00 F7		"|  "		inc	X00F7
014F				L014F:
014F : 7D 00 F7		"}  "		tst	X00F7
0152 : 27 03		"' "		beq	L0157
0154 : 01		" "		nop
0155 : 01		" "		nop
0156 : 01		" "		nop
0157				L0157:
0157 : BD E8 00		"   "		jsr	charIn
015A : CE 02 AF		"   "		ldx	#$02AF
015D				L015D:
015D : A1 00		"  "		cmpa	$00,x
015F : 27 EE		"' "		beq	L014F
0161 : 08		" "		inx
0162 : 8C 02 B6		"   "		cpx	#$02B6
0165 : 26 F6		"& "		bne	L015D
0167 : 7F 00 F7		"   "		clr	X00F7
016A : 39		"9"		rts
				;
016B				L016B:
016B : 81 09		"  "		cmpa	#$09
016D : 26 02		"& "		bne	L0171
016F : 86 20		"  "		ldaa	#$20
0171				L0171:
0171 : 81 0D		"  "		cmpa	#$0D
0173 : 26 02		"& "		bne	L0177
0175 : 8D AD		"  "		bsr	L0124
0177				L0177:
0177 : BD E8 03		"   "		jsr	charOut
017A : 39		"9"		rts
017B				L017B:
017B : 39		"9"		rts
				;
017C : 32		"2"		pula
017D				L017D:
017D : 4F		"O"		clra
017E : 8D 89		"  "		bsr	L0109
0180 : 5A		"Z"		decb
0181 : 26 FA		"& "		bne	L017D
0183 : 20 A8		"  "		bra	L012D
				;
0185				L0185:
0185 : 8D A3		"  "		bsr	L012A
0187 : 81 0D		"  "		cmpa	#$0D
0189 : 26 0B		"& "		bne	L0196
018B : 86 0A		"  "		ldaa	#$0A
018D : BD 01 D0		"   "		jsr	L01D0
0190 : 86 0D		"  "		ldaa	#$0D
0192 : BD 01 D0		"   "		jsr	L01D0
0195 : 4F		"O"		clra
0196				L0196:
0196 : 7E 01 D0		"~  "		jmp	L01D0
				;
0199 : F0 7E 01		" ~ "		subb	X7E01
				;
019C : 15		" "		db	$15
				;
019D				L019D:
019D : 8D 8B		"  "		bsr	L012A
019F				L019F:
019F : A6 00		"  "		ldaa	$00,x
01A1 : 81 04		"  "		cmpa	#$04
01A3 : 27 88		"' "		beq	L012D
01A5 : BD 01 D0		"   "		jsr	L01D0
01A8 : 08		" "		inx
01A9 : 20 F4		"  "		bra	L019F
				;
01AB				L01AB:
01AB : 7D 00 F2		"}  "		tst	X00F2
01AE : 26 70		"&p"		bne	L0220
01B0 : 7F 00 F5		"   "		clr	X00F5
01B3 : 20 03		"  "		bra	L01B8
				;
01B5				L01B5:
01B5 : 7C 00 F5		"|  "		inc	X00F5
01B8				L01B8:
01B8 : CE 02 B7		"   "		ldx	#$02B7
01BB : 86 0D		"  "		ldaa	#$0D
01BD				L01BD:
01BD : A7 00		"  "		staa	$00,x
01BF : 08		" "		inx
01C0 : 8C 02 FF		"   "		cpx	#$02FF
01C3 : 26 F8		"& "		bne	L01BD
01C5 : 7D 00 F6		"}  "		tst	X00F6
01C8 : 27 03		"' "		beq	L01CD
01CA : BD 01 2D		"  -"		jsr	L012D
01CD				L01CD:
01CD : 7E 01 EB		"~  "		jmp	L01EB
				;
01D0				L01D0:
01D0 : DF F0		"  "		stx	X00F0
01D2 : 37		"7"		pshb
01D3 : BD F1 AD		"   "		jsr	diskWrt
01D6 : 33		"3"		pulb
01D7 : DE F0		"  "		ldx	X00F0
01D9 : 39		"9"		rts
				;
01DA : F9 CF 20		"   "		adcb	XCF20		exorciser code disabled (skipped)
01DD : 0D		" "		sec
01DE : B6 FC FD		"   "		ldaa	XFCFD
01E1 : 84 55		" U"		anda	#$55
01E3 : B7 FC F4		"   "		staa	XFCF4
01E6 : 86 11		"  "		ldaa	#$11
01E8 : BD F0 18		"   "		jsr	LF018
01EB				L01EB:
01EB : CE 02 B7		"   "		ldx	#$02B7
01EE				L01EE:
01EE : 0D		" "		sec
01EF : BD 02 75		"  u"		jsr	L0275
01F2 : A7 00		"  "		staa	$00,x
01F4 : 25 0C		"% "		bcs	L0202
01F6 : 81 0D		"  "		cmpa	#$0D
01F8 : 27 08		"' "		beq	L0202
01FA : 8C 02 FE		"   "		cpx	#$02FE
01FD : 27 EF		"' "		beq	L01EE
01FF : 08		" "		inx
0200 : 20 EC		"  "		bra	L01EE
				;
0202				L0202:
0202 : 7F 00 F5		"   "		clr	X00F5
0205 : 7E 02 18		"~  "		jmp	L0218
				;
0208 : 84 35		" 5"		anda	#$35		exorciser code disabled (skipped)
020A : B7 FC F4		"   "		staa	XFCF4
020D : 86 13		"  "		ldaa	#$13
020F : BD F0 18		"   "		jsr	LF018
0212 : B6 FC F5		"   "		ldaa	XFCF5
0215 : B6 FC F5		"   "		ldaa	XFCF5
0218				L0218:
0218 : 7C 00 F2		"|  "		inc	X00F2
021B : CE 02 B7		"   "		ldx	#$02B7
021E : DF F3		"  "		stx	X00F3
0220				L0220:
0220 : DE F3		"  "		ldx	X00F3
0222 : A6 00		"  "		ldaa	$00,x
0224 : 08		" "		inx
0225 : DF F3		"  "		stx	X00F3
0227 : 81 1A		"  "		cmpa	#$1A
0229 : 27 04		"' "		beq	L022F
022B : 81 0D		"  "		cmpa	#$0D
022D : 26 03		"& "		bne	L0232
022F				L022F:
022F : 7F 00 F2		"   "		clr	X00F2
0232				L0232:
0232 : 39		"9"		rts
0233				L0233:				exorciser code disabled (skipped)
0233 : 39		"9"		rts
				;
0234 : 00		" "		db	$00
				;
0235 : F6 26 21		" &!"		ldab	X2621
0238 : 36		"6"		psha
0239 : 7C 00 F6		"|  "		inc	X00F6
023C : 7C FF 62		"| b"		inc	XFF62
023F : 7D FF 02		"}  "		tst	XFF02
0242 : 27 0A		"' "		beq	L024E
0244 : 86 10		"  "		ldaa	#$10
0246 : BD F9 CF		"   "		jsr	LF9CF
0249 : 86 30		" 0"		ldaa	#$30
024B : BD F9 CF		"   "		jsr	LF9CF
024E				L024E:
024E : 86 7F		"  "		ldaa	#$7F
0250 : BD F9 CF		"   "		jsr	LF9CF
0253 : 86 12		"  "		ldaa	#$12
0255 : BD F9 CF		"   "		jsr	LF9CF
0258 : 32		"2"		pula
0259 : 39		"9"		rts
025A				L025A:
025A : 39		"9"		rts
				;
025B : 14		" "		db	$14
				;
025C : BD F9 CF		"   "		jsr	LF9CF
025F : 7D FF 02		"}  "		tst	XFF02
0262 : 27 0A		"' "		beq	L026E
0264 : 86 10		"  "		ldaa	#$10
0266 : BD F9 CF		"   "		jsr	LF9CF
0269 : 86 39		" 9"		ldaa	#$39
026B : BD F9 CF		"   "		jsr	LF9CF
026E				L026E:
026E : 7F 00 F6		"   "		clr	X00F6
0271 : 7F FF 62		"  b"		clr	XFF62
0274 : 39		"9"		rts
				;
0275				L0275:
0275 : DF F0		"  "		stx	X00F0
0277				L0277:
0277 : 7D 00 F5		"}  "		tst	X00F5
027A : 20 05		"  "		bra	L0281
				;
027C : BD 01 18		"   "		jsr	L0118
027F : 20 11		"  "		bra	L0292
				;
0281				L0281:
0281 : 37		"7"		pshb
0282 : BD F1 35		"  5"		jsr	diskRd
0285 : 33		"3"		pulb
0286 : 25 21		"%!"		bcs	L02A9
0288 : 20 06		"  "		bra	L0290
				;
028A : 47		"G"		asra
028B : 24 F7		"$ "		bcc	L0284
028D : B6 FC F5		"   "		ldaa	XFCF5
0290				L0290:
0290 : 84 7F		"  "		anda	#$7F
0292				L0292:
0292 : CE 02 AF		"   "		ldx	#$02AF
0295				L0295:
0295 : A1 00		"  "		cmpa	$00,x
0297 : 27 DE		"' "		beq	L0277
0299 : 08		" "		inx
029A : 8C 02 B6		"   "		cpx	#$02B6
029D : 26 F6		"& "		bne	L0295
029F : 81 09		"  "		cmpa	#$09
02A1 : 26 02		"& "		bne	L02A5
02A3 : 86 20		"  "		ldaa	#$20
02A5				L02A5:
02A5 : DE F0		"  "		ldx	X00F0
02A7 : 0C		" "		clc
02A8 : 39		"9"		rts
				;
02A9				L02A9:
02A9 : 86 1A		"  "		ldaa	#$1A
02AB : DE F0		"  "		ldx	X00F0
02AD : 0D		" "		sec
02AE : 39		"9"		rts
				;
02AF : 00		" "		db	$00
				;
02B0 : 7F 0A 11		"   "		clr	X0A11
				;
02B3 : 12 13 14 00	"    "		db	$12, $13, $14, $00
02B7				X02B7:
02B7 : 00 00 00 00	"    "		db	$00, $00, $00, $00
02BB : 00 00 00 00	"    "		db	$00, $00, $00, $00
02BF : 00 00 00 00	"    "		db	$00, $00, $00, $00
02C3 : 00 00 00 00	"    "		db	$00, $00, $00, $00
02C7 : 00 00 00 00	"    "		db	$00, $00, $00, $00
02CB : 00 00 00 00	"    "		db	$00, $00, $00, $00
02CF : 00 00 00 00	"    "		db	$00, $00, $00, $00
02D3 : 00 00 00 00	"    "		db	$00, $00, $00, $00
02D7 : 00 00 00 00	"    "		db	$00, $00, $00, $00
02DB : 00 00 00 00	"    "		db	$00, $00, $00, $00
02DF : 00 00 00 00	"    "		db	$00, $00, $00, $00
02E3 : 00 00 00 00	"    "		db	$00, $00, $00, $00
02E7 : 00 00 00 00	"    "		db	$00, $00, $00, $00
02EB : 00 00 00 00	"    "		db	$00, $00, $00, $00
02EF : 00 00 00 00	"    "		db	$00, $00, $00, $00
02F3 : 00 00 00 00	"    "		db	$00, $00, $00, $00
02F7 : 00 00 00 00	"    "		db	$00, $00, $00, $00
02FB : 00 00 00 00	"    "		db	$00, $00, $00, $00
02FF : 00 00		"  "		db	$00, $00
				;
0301				X0301:
0301 : 24 00		"$ "		bcc	L0303
0303				L0303:
0303 : 7E 09 46		"~ F"		jmp	L0946
				;
0306 : 41 42 41		"ABA"		db	$41, $42, $41
				;
0309 : 10		" "		sba
				;
030A : 00		" "		db	$00
				;
030B : 1B		" "		aba
				;
030C : 41		"A"		db	$41
				;
030D : 44		"D"		lsra
030E : 43		"C"		coma
				;
030F : 00		" "		db	$00
				;
0310 : D4 89		"  "		andb	X0089
				;
0312 : 41		"A"		db	$41
				;
0313 : 44		"D"		lsra
0314 : 44		"D"		lsra
				;
0315 : 00		" "		db	$00
				;
0316 : D4 8B		"  "		andb	X008B
				;
0318 : 41 4E		"AN"		db	$41, $4E
				;
031A : 44		"D"		lsra
				;
031B : 00		" "		db	$00
				;
031C : D4 84		"  "		andb	X0084
				;
031E : 41		"A"		db	$41
				;
031F : 53		"S"		comb
0320 : 4C		"L"		inca
				;
0321 : 00		" "		db	$00
				;
0322 : 4A		"J"		deca
0323 : 48		"H"		asla
				;
0324 : 41		"A"		db	$41
				;
0325 : 53		"S"		comb
				;
0326 : 52 00		"R "		db	$52, $00
				;
0328 : 4A		"J"		deca
0329 : 47		"G"		asra
				;
032A : 42		"B"		db	$42
				;
032B : 43		"C"		coma
032C : 43		"C"		coma
				;
032D : 00		" "		db	$00
				;
032E : 20 24		" $"		bra	L0354
				;
0330 : 42		"B"		db	$42
				;
0331 : 43		"C"		coma
0332 : 53		"S"		comb
				;
0333 : 00		" "		db	$00
				;
0334 : 20 25		" %"		bra	L035B
				;
0336 : 42 45 51 00	"BEQ "		db	$42, $45, $51, $00
				;
033A : 20 27		" '"		bra	L0363
				;
033C : 42		"B"		db	$42
				;
033D : 47		"G"		asra
				;
033E : 45 00		"E "		db	$45, $00
				;
0340 : 20 2C		" ,"		bra	L036E
				;
0342 : 42		"B"		db	$42
				;
0343 : 47		"G"		asra
0344 : 54		"T"		lsrb
				;
0345 : 00		" "		db	$00
				;
0346 : 20 2E		" ."		bra	L0376
				;
0348 : 42		"B"		db	$42
				;
0349 : 48		"H"		asla
034A : 49		"I"		rola
				;
034B : 00		" "		db	$00
				;
034C : 20 22		" ""		bra	L0370
				;
034E : 42		"B"		db	$42
				;
034F : 49		"I"		rola
0350 : 54		"T"		lsrb
				;
0351 : 00		" "		db	$00
				;
0352 : D4 85		"  "		andb	X0085
				;
0354				L0354:
0354 : 42		"B"		db	$42
				;
0355 : 4C		"L"		inca
				;
0356 : 45 00		"E "		db	$45, $00
				;
0358 : 20 2F		" /"		bra	L0389
				;
035A : 42		"B"		db	$42
				;
035B				L035B:
035B : 4C		"L"		inca
035C : 53		"S"		comb
				;
035D : 00		" "		db	$00
				;
035E : 20 23		" #"		bra	L0383
				;
0360 : 42		"B"		db	$42
				;
0361 : 4C		"L"		inca
0362 : 54		"T"		lsrb
				;
0363				L0363:
0363 : 00		" "		db	$00
				;
0364 : 20 2D		" -"		bra	L0393
				;
0366 : 42		"B"		db	$42
				;
0367 : 4D		"M"		tsta
0368 : 49		"I"		rola
				;
0369 : 00		" "		db	$00
				;
036A : 20 2B		" +"		bra	L0397
				;
036C : 42 4E 45 00	"BNE "		db	$42, $4E, $45, $00
				;
0370				L0370:
0370 : 20 26		" &"		bra	L0398
				;
0372 : 42		"B"		db	$42
				;
0373 : 50		"P"		negb
0374 : 4C		"L"		inca
				;
0375 : 00		" "		db	$00
				;
0376				L0376:
0376 : 20 2A		" *"		bra	L03A2
				;
0378 : 42 52 41 00	"BRA "		db	$42, $52, $41, $00
				;
037C : 20 20		"  "		bra	L039E
				;
037E : 42		"B"		db	$42
				;
037F : 53		"S"		comb
				;
0380 : 52 00		"R "		db	$52, $00
				;
0382 : 20 8D		"  "		bra	L0311
				;
0384 : 42		"B"		db	$42
				;
0385 : 56		"V"		rorb
0386 : 43		"C"		coma
				;
0387 : 00		" "		db	$00
				;
0388 : 20 28		" ("		bra	L03B2
				;
038A : 42		"B"		db	$42
				;
038B : 56		"V"		rorb
038C : 53		"S"		comb
				;
038D : 00		" "		db	$00
				;
038E : 20 29		" )"		bra	L03B9
				;
0390 : 43		"C"		coma
				;
0391 : 42 41		"BA"		db	$42, $41
				;
0393				L0393:
0393 : 10		" "		sba
				;
0394 : 00		" "		db	$00
				;
0395 : 11		" "		cba
0396 : 43		"C"		coma
0397				L0397:
0397 : 4C		"L"		inca
0398				L0398:
0398 : 43		"C"		coma
0399 : 10		" "		sba
				;
039A : 00		" "		db	$00
				;
039B : 0C		" "		clc
039C : 43		"C"		coma
039D : 4C		"L"		inca
039E				L039E:
039E : 49		"I"		rola
039F : 10		" "		sba
				;
03A0 : 00		" "		db	$00
				;
03A1 : 0E		" "		cli
03A2				L03A2:
03A2 : 43		"C"		coma
03A3 : 4C		"L"		inca
				;
03A4 : 52 00		"R "		db	$52, $00
				;
03A6 : 4A		"J"		deca
03A7 : 4F		"O"		clra
03A8 : 43		"C"		coma
03A9 : 4C		"L"		inca
03AA : 56		"V"		rorb
03AB : 10		" "		sba
				;
03AC : 00		" "		db	$00
				;
03AD : 0A		" "		clv
03AE : 43		"C"		coma
03AF : 4D		"M"		tsta
03B0 : 50		"P"		negb
				;
03B1 : 00		" "		db	$00
				;
03B2				L03B2:
03B2 : D4 81		"  "		andb	X0081
03B4 : 43		"C"		coma
03B5 : 4F		"O"		clra
03B6 : 4D		"M"		tsta
				;
03B7 : 00		" "		db	$00
				;
03B8 : 4A		"J"		deca
03B9				L03B9:
03B9 : 43		"C"		coma
03BA : 43		"C"		coma
03BB : 50		"P"		negb
03BC : 58		"X"		aslb
				;
03BD : 00		" "		db	$00
				;
03BE : D0 8C		"  "		subb	X008C
03C0 : 44		"D"		lsra
				;
03C1 : 41 41		"AA"		db	$41, $41
				;
03C3 : 10		" "		sba
				;
03C4 : 00		" "		db	$00
				;
03C5 : 19		" "		daa
03C6 : 44		"D"		lsra
				;
03C7 : 45		"E"		db	$45
				;
03C8 : 43		"C"		coma
				;
03C9 : 00		" "		db	$00
				;
03CA : 4A		"J"		deca
03CB : 4A		"J"		deca
03CC : 44		"D"		lsra
				;
03CD : 45		"E"		db	$45
				;
03CE : 53		"S"		comb
03CF : 10		" "		sba
				;
03D0 : 00		" "		db	$00
				;
03D1 : 34		"4"		des
03D2 : 44		"D"		lsra
				;
03D3 : 45		"E"		db	$45
				;
03D4 : 58		"X"		aslb
03D5 : 10		" "		sba
				;
03D6 : 00		" "		db	$00
				;
03D7 : 09		" "		dex
				;
03D8 : 45		"E"		db	$45
				;
03D9 : 4F		"O"		clra
				;
03DA : 52 00		"R "		db	$52, $00
				;
03DC : D4 88		"  "		andb	X0088
03DE : 49		"I"		rola
				;
03DF : 4E		"N"		db	$4E
				;
03E0 : 43		"C"		coma
				;
03E1 : 00		" "		db	$00
				;
03E2 : 4A		"J"		deca
03E3 : 4C		"L"		inca
03E4 : 49		"I"		rola
				;
03E5 : 4E		"N"		db	$4E
				;
03E6 : 53		"S"		comb
03E7 : 10		" "		sba
				;
03E8 : 00		" "		db	$00
				;
03E9 : 31		"1"		ins
03EA : 49		"I"		rola
				;
03EB : 4E		"N"		db	$4E
				;
03EC : 58		"X"		aslb
03ED : 10		" "		sba
				;
03EE : 00		" "		db	$00
				;
03EF : 08		" "		inx
03F0 : 4A		"J"		deca
03F1 : 4D		"M"		tsta
03F2 : 50		"P"		negb
				;
03F3 : 00		" "		db	$00
				;
03F4 : 48		"H"		asla
03F5 : 6E 4A		"nJ"		jmp	$4A,x						;INFO: index jump
				;
03F7 : 53		"S"		comb
				;
03F8 : 52 00		"R "		db	$52, $00
				;
03FA : 48		"H"		asla
03FB : AD 4C		" L"		jsr	$4C,x						;INFO: index jump
03FD : 44		"D"		lsra
				;
03FE : 41 00		"A "		db	$41, $00
				;
0400 : D4 86		"  "		andb	X0086
0402 : 4C		"L"		inca
0403 : 44		"D"		lsra
0404 : 53		"S"		comb
				;
0405 : 00		" "		db	$00
				;
0406 : D0 8E		"  "		subb	X008E
0408 : 4C		"L"		inca
0409 : 44		"D"		lsra
040A : 58		"X"		aslb
				;
040B : 00		" "		db	$00
				;
040C : D0 CE		"  "		subb	X00CE
040E : 4C		"L"		inca
040F : 53		"S"		comb
				;
0410 : 52 00		"R "		db	$52, $00
				;
0412 : 4A		"J"		deca
0413 : 44		"D"		lsra
				;
0414 : 4E 45		"NE"		db	$4E, $45
				;
0416 : 47		"G"		asra
				;
0417 : 00		" "		db	$00
				;
0418 : 4A		"J"		deca
0419 : 40		"@"		nega
				;
041A : 4E		"N"		db	$4E
				;
041B : 4F		"O"		clra
041C : 50		"P"		negb
041D : 10		" "		sba
				;
041E : 00		" "		db	$00
				;
041F : 01		" "		nop
0420 : 4F		"O"		clra
				;
0421 : 52 41 00		"RA "		db	$52, $41, $00
				;
0424 : D4 8A		"  "		andb	X008A
0426 : 50		"P"		negb
0427 : 53		"S"		comb
0428 : 48		"H"		asla
				;
0429 : 00 02		"  "		db	$00, $02
				;
042B : 36		"6"		psha
042C : 50		"P"		negb
				;
042D : 55		"U"		db	$55
				;
042E : 4C		"L"		inca
				;
042F : 00 02		"  "		db	$00, $02
				;
0431 : 32		"2"		pula
				;
0432 : 52		"R"		db	$52
				;
0433 : 4F		"O"		clra
0434 : 4C		"L"		inca
				;
0435 : 00		" "		db	$00
				;
0436 : 4A		"J"		deca
0437 : 49		"I"		rola
				;
0438 : 52		"R"		db	$52
				;
0439 : 4F		"O"		clra
				;
043A : 52 00		"R "		db	$52, $00
				;
043C : 4A		"J"		deca
043D : 46		"F"		rora
				;
043E : 52		"R"		db	$52
				;
043F : 54		"T"		lsrb
0440 : 49		"I"		rola
0441 : 10		" "		sba
				;
0442 : 00		" "		db	$00
				;
0443 : 3B		";"		rti
				;
0444 : 52		"R"		db	$52
				;
0445 : 54		"T"		lsrb
0446 : 53		"S"		comb
0447 : 10		" "		sba
				;
0448 : 00		" "		db	$00
				;
0449 : 39		"9"		rts
				;
044A : 53		"S"		comb
				;
044B : 42 41		"BA"		db	$42, $41
				;
044D : 10		" "		sba
				;
044E : 00		" "		db	$00
				;
044F : 10		" "		sba
0450 : 53		"S"		comb
				;
0451 : 42		"B"		db	$42
				;
0452 : 43		"C"		coma
				;
0453 : 00		" "		db	$00
				;
0454 : D4 82		"  "		andb	X0082
0456 : 53		"S"		comb
				;
0457 : 45		"E"		db	$45
				;
0458 : 43		"C"		coma
0459 : 10		" "		sba
				;
045A : 00		" "		db	$00
				;
045B : 0D		" "		sec
045C : 53		"S"		comb
				;
045D : 45		"E"		db	$45
				;
045E : 49		"I"		rola
045F : 10		" "		sba
				;
0460 : 00		" "		db	$00
				;
0461 : 0F		" "		sei
0462 : 53		"S"		comb
				;
0463 : 45		"E"		db	$45
				;
0464 : 56		"V"		rorb
0465 : 10		" "		sba
				;
0466 : 00		" "		db	$00
				;
0467 : 0B		" "		sev
0468 : 53		"S"		comb
0469 : 54		"T"		lsrb
				;
046A : 41 00		"A "		db	$41, $00
				;
046C : 54		"T"		lsrb
				;
046D : 87		" "		db	$87
				;
046E : 53		"S"		comb
046F : 54		"T"		lsrb
0470 : 53		"S"		comb
				;
0471 : 00		" "		db	$00
				;
0472 : 50		"P"		negb
				;
0473 : 8F		" "		db	$8F
				;
0474 : 53		"S"		comb
0475 : 54		"T"		lsrb
0476 : 58		"X"		aslb
				;
0477 : 00		" "		db	$00
				;
0478 : 50		"P"		negb
				;
0479 : CF		" "		db	$CF
				;
047A : 53		"S"		comb
				;
047B : 55 42 00		"UB "		db	$55, $42, $00
				;
047E : D4 80		"  "		andb	X0080
0480 : 53		"S"		comb
0481 : 57		"W"		asrb
0482 : 49		"I"		rola
0483 : 10		" "		sba
				;
0484 : 00		" "		db	$00
				;
0485 : 3F		"?"		swi
0486 : 54		"T"		lsrb
				;
0487 : 41 42		"AB"		db	$41, $42
				;
0489 : 10		" "		sba
				;
048A : 00		" "		db	$00
				;
048B : 16		" "		tab
048C : 54		"T"		lsrb
				;
048D : 41		"A"		db	$41
				;
048E : 50		"P"		negb
048F : 10		" "		sba
				;
0490 : 00		" "		db	$00
				;
0491 : 06		" "		tap
0492 : 54		"T"		lsrb
				;
0493 : 42 41		"BA"		db	$42, $41
				;
0495 : 10		" "		sba
				;
0496 : 00		" "		db	$00
				;
0497 : 17		" "		tba
0498 : 54		"T"		lsrb
0499 : 50		"P"		negb
				;
049A : 41		"A"		db	$41
				;
049B : 10		" "		sba
				;
049C : 00		" "		db	$00
				;
049D : 07		" "		tpa
049E : 54		"T"		lsrb
049F : 53		"S"		comb
04A0 : 54		"T"		lsrb
				;
04A1 : 00		" "		db	$00
				;
04A2 : 4A		"J"		deca
04A3 : 4D		"M"		tsta
04A4 : 54		"T"		lsrb
04A5 : 53		"S"		comb
04A6 : 58		"X"		aslb
04A7 : 10		" "		sba
				;
04A8 : 00		" "		db	$00
				;
04A9 : 30		"0"		tsx
04AA : 54		"T"		lsrb
04AB : 58		"X"		aslb
04AC : 53		"S"		comb
04AD : 10		" "		sba
				;
04AE : 00		" "		db	$00
				;
04AF : 35		"5"		txs
04B0 : 57		"W"		asrb
				;
04B1 : 41		"A"		db	$41
				;
04B2 : 49		"I"		rola
04B3 : 10		" "		sba
				;
04B4 : 00		" "		db	$00
				;
04B5 : 3E		">"		wai
				;
04B6 : 45 4E		"EN"		db	$45, $4E
				;
04B8 : 44		"D"		lsra
04B9 : D0 05		"  "		subb	X0005
04BB : 9C 45		" E"		cpx	X0045
				;
04BD : 51 55		"QU"		db	$51, $55
				;
04BF : A0 05		"  "		suba	$05,x
04C1 : 9F 46		" F"		sts	X0046
04C3 : 43		"C"		coma
				;
04C4 : 42		"B"		db	$42
				;
04C5 : 88 05		"  "		eora	#$05
04C7 : A2 46		" F"		sbca	$46,x
04C9 : 43		"C"		coma
04CA : 43		"C"		coma
04CB : 80 05		"  "		suba	#$05
04CD : A5 46		" F"		bita	$46,x
04CF : 44		"D"		lsra
				;
04D0 : 42		"B"		db	$42
				;
04D1 : 88 05		"  "		eora	#$05
04D3 : A8 4D		" M"		eora	$4D,x
04D5 : 4F		"O"		clra
				;
04D6 : 4E		"N"		db	$4E
				;
04D7 : 80 05		"  "		suba	#$05
04D9 : AB 4E		" N"		adda	$4E,x
				;
04DB : 41		"A"		db	$41
				;
04DC : 4D		"M"		tsta
04DD : 80 05		"  "		suba	#$05
04DF : AE 4F		" O"		lds	$4F,x
04E1 : 50		"P"		negb
04E2 : 54		"T"		lsrb
04E3 : 80 05		"  "		suba	#$05
04E5 : B1 4F 52		" OR"		cmpa	X4F52
04E8 : 47		"G"		asra
04E9 : C0 05		"  "		subb	#$05
04EB : B4 50 41		" PA"		anda	X5041
04EE : 47		"G"		asra
04EF : D0 05		"  "		subb	X0005
04F1 : B7 52 4D		" RM"		staa	X524D
				;
04F4 : 42		"B"		db	$42
				;
04F5 : 80 05		"  "		suba	#$05
04F7 : BA 53 50		" SP"		oraa	X5350
04FA : 43		"C"		coma
04FB : D0 05		"  "		subb	X0005
04FD : BD 2A 2A		" **"		jsr	L2A2A
0500 : 2A 2A		"**"		bpl	L052C
				;
0502 : 45 52 52		"ERR"		db	$45, $52, $52
				;
0505 : 4F		"O"		clra
				;
0506 : 52		"R"		db	$52
0507				X0507:
0507 : 00		" "		db	$00
0508				X0508:
0508 : 00 00 00 00	"    "		db	$00, $00, $00, $00
				;
050C : 0D		" "		sec
050D : 0A		" "		clv
				;
050E : 04		" "		db	$04
				;
050F : 0D		" "		sec
0510 : 0D		" "		sec
0511 : 0A		" "		clv
0512 : 54		"T"		lsrb
0513 : 4F		"O"		clra
0514 : 54		"T"		lsrb
				;
0515 : 41		"A"		db	$41
				;
0516 : 4C		"L"		inca
0517 : 20 45		" E"		bra	L055E
				;
0519 : 52 52		"RR"		db	$52, $52
				;
051B : 4F		"O"		clra
				;
051C : 52		"R"		db	$52
				;
051D : 53		"S"		comb
051E : 20 20		"  "		bra	L0540
				;
0520 : 43		"C"		coma
0521 : 4F		"O"		clra
				;
0522 : 55 4E		"UN"		db	$55, $4E
				;
0524 : 0D		" "		sec
0525 : 0A		" "		clv
				;
0526 : 04		" "		db	$04
				;
0527 : 53		"S"		comb
0528 : 31		"1"		ins
				;
0529 : 00 00 00 00	"    "		db	$00, $00, $00, $00
052D : 00 00 00 00	"    "		db	$00, $00, $00, $00
0531 : 00 00 00 00	"    "		db	$00, $00, $00, $00
0535 : 00 00 00 00	"    "		db	$00, $00, $00, $00
0539 : 00 00 00 00	"    "		db	$00, $00, $00, $00
053D : 00 00 00 00	"    "		db	$00, $00, $00, $00
0541 : 00 00 00 00	"    "		db	$00, $00, $00, $00
0545 : 00 00 00 00	"    "		db	$00, $00, $00, $00
0549 : 00 00 00 00	"    "		db	$00, $00, $00, $00
054D : 00 00 00 00	"    "		db	$00, $00, $00, $00
0551 : 00 00 00 00	"    "		db	$00, $00, $00, $00
0555 : 00 00 00 00	"    "		db	$00, $00, $00, $00
0559 : 00 00 00 00	"    "		db	$00, $00, $00, $00
055D : 00 00 00 00	"    "		db	$00, $00, $00, $00
0561 : 00 00 00 00	"    "		db	$00, $00, $00, $00
0565 : 00 00 00 00	"    "		db	$00, $00, $00, $00
0569 : 00 00 04		"   "		db	$00, $00, $04
				;
056C : 0D		" "		sec
056D : 0A		" "		clv
056E : 0A		" "		clv
056F : 0A		" "		clv
0570 : 0A		" "		clv
0571 : 2D 2D		"--"		blt	L05A0
0573 : 2D 0D		"- "		blt	L0582
0575 : 0A		" "		clv
0576 : 0A		" "		clv
0577 : 0A		" "		clv
0578 : 50		"P"		negb
				;
0579 : 41		"A"		db	$41
				;
057A : 47		"G"		asra
				;
057B : 45		"E"		db	$45
				;
057C				X057C:
057C : 31		"1"		ins
057D				X057D:
057D : 32		"2"		pula
057E : 33		"3"		pulb
057F : 34		"4"		des
0580 : 35		"5"		txs
0581 : 20 20		"  "		bra	L05A3
0583 : 20 00		"  "		bra	L0585
				;
0585				L0585:
0585 : 00 00 00 00	"    "		db	$00, $00, $00, $00
0589 : 00 00 00		"   "		db	$00, $00, $00
				;
058C : 20 20		"  "		bra	L05AE
				;
058E : 00 00 00 00	"    "		db	$00, $00, $00, $00
0592 : 00 00 00 00	"    "		db	$00, $00, $00, $00
				;
0596 : 0D		" "		sec
0597 : 0A		" "		clv
0598 : 0A		" "		clv
0599 : 0A		" "		clv
059A : 0A		" "		clv
				;
059B : 04		" "		db	$04
				;
059C : 7E 0B 8F		"~  "		jmp	L0B8F
059F : 7E 0B 63		"~ c"		jmp	L0B63
05A2 : 7E 0D 34		"~ 4"		jmp	L0D34
05A5 : 7E 0B DD		"~  "		jmp	L0BDD
05A8 : 7E 0C DC		"~  "		jmp	L0CDC
05AB : 7E 0B 8F		"~  "		jmp	L0B8F
05AE				L05AE:
05AE : 7E 0D 95		"~  "		jmp	L0D95
05B1 : 7E 0D D1		"~  "		jmp	L0DD1
05B4 : 7E 0E 6C		"~ l"		jmp	L0E6C
05B7 : 7E 0E 7D		"~ }"		jmp	L0E7D
05BA : 7E 0E B1		"~  "		jmp	L0EB1
05BD : 7E 0E CC		"~  "		jmp	L0ECC
05C0				L05C0:
05C0 : 7E 09 D4		"~  "		jmp	L09D4
05C3				L05C3:
05C3 : 7E 0B 50		"~ P"		jmp	L0B50
05C6				L05C6:
05C6 : 7E 08 BA		"~  "		jmp	L08BA
05C9				L05C9:
05C9 : 7E 06 60		"~ `"		jmp	L0660
05CC				L05CC:
05CC : 7E 08 07		"~  "		jmp	L0807
05CF				L05CF:
05CF : 7E 10 A8		"~  "		jmp	L10A8
05D2				L05D2:
05D2 : 7E 11 51		"~ Q"		jmp	L1151
05D5				L05D5:
05D5 : 7E 06 6A		"~ j"		jmp	L066A
05D8				L05D8:
05D8 : 7E 0E EC		"~  "		jmp	L0EEC
05DB				L05DB:
05DB : 7E 06 FB		"~  "		jmp	L06FB
05DE				L05DE:
05DE : 7E 06 45		"~ E"		jmp	L0645
05E1				L05E1:
05E1 : 7E 06 49		"~ I"		jmp	L0649
05E4				L05E4:
05E4 : 7E 08 4C		"~ L"		jmp	L084C
05E7				L05E7:
05E7 : 7E 06 AD		"~  "		jmp	L06AD
05EA				L05EA:
05EA : 7E 14 72		"~ r"		jmp	L1472
05ED				L05ED:
05ED : 7E 08 8B		"~  "		jmp	L088B
05F0				L05F0:
05F0 : 7E 14 29		"~ )"		jmp	L1429
05F3				L05F3:
05F3 : 7E 12 DE		"~  "		jmp	L12DE
05F6				L05F6:
05F6 : 7E 08 70		"~ p"		jmp	L0870
				;
05F9				L05F9:
05F9 : 96 3E		" >"		ldaa	X003E
05FB : 26 07		"& "		bne	L0604
05FD : 96 44		" D"		ldaa	X0044
05FF : 27 03		"' "		beq	L0604
0601 : BD 01 0C		"   "		jsr	L010C
0604				L0604:
0604 : 39		"9"		rts
				;
0605 : 4D		"M"		tsta
0606 : 36		"6"		psha
				;
0607 : 38		"8"		db	$38
				;
0608 : 30		"0"		tsx
0609 : 30		"0"		tsx
060A : 20 41		" A"		bra	L064D
				;
060C : 53		"S"		comb
060D : 53		"S"		comb
				;
060E : 45		"E"		db	$45
				;
060F : 4D		"M"		tsta
				;
0610 : 42		"B"		db	$42
				;
0611 : 4C		"L"		inca
				;
0612 : 45 52		"ER"		db	$45, $52
				;
0614 : 20 56		" V"		bra	L066C
				;
0616 : 45 52		"ER"		db	$45, $52
				;
0618 : 53		"S"		comb
0619 : 49		"I"		rola
061A : 4F		"O"		clra
				;
061B : 4E		"N"		db	$4E
				;
061C : 20 31		" 1"		bra	L064F
				;
061E : 2E 32		".2"		bgt	L0652
0620 : 0D		" "		sec
0621 : 0A		" "		clv
				;
0622 : 04 4E		" N"		db	$04, $4E
				;
0624 : 54		"T"		lsrb
				;
0625 : 45 52		"ER"		db	$45, $52
				;
0627 : 20 50		" P"		bra	L0679
				;
0629 : 41		"A"		db	$41
				;
062A : 53		"S"		comb
062B : 53		"S"		comb
062C : 20 3A		" :"		bra	L0668
062E : 20 31		" 1"		bra	L0661
				;
0630 : 50		"P"		negb
0631 : 2C 31		",1"		bge	L0664
0633 : 53		"S"		comb
0634 : 2C 32		",2"		bge	L0668
0636 : 50		"P"		negb
0637 : 2C 32		",2"		bge	L066B
0639 : 4C		"L"		inca
063A : 2C 32		",2"		bge	L066E
063C : 54		"T"		lsrb
063D : 0D		" "		sec
063E : 0A		" "		clv
063F : 0A		" "		clv
				;
0640 : 04		" "		db	$04
				;
0641				X0641:
0641 : FF 00 00		"   "		stx	X0000
0644				X0644:
0644 : D0 37		" 7"		subb	X0037
0646 : 5F		"_"		clrb
0647 : 20 03		"  "		bra	L064C
				;
0649				L0649:
0649 : 37		"7"		pshb
064A : C6 FF		"  "		ldab	#$FF
064C				L064C:
064C : DF 65		" e"		stx	X0065
064E : DE 34		" 4"		ldx	X0034
0650				L0650:
0650 : A6 00		"  "		ldaa	$00,x
0652				L0652:
0652 : 08		" "		inx
0653 : 5D		"]"		tstb
0654 : 27 04		"' "		beq	L065A
0656 : 81 20		"  "		cmpa	#$20
0658 : 27 F6		"' "		beq	L0650
065A				L065A:
065A : DF 34		" 4"		stx	X0034
065C : DE 65		" e"		ldx	X0065
065E : 33		"3"		pulb
065F : 39		"9"		rts
				;
0660				L0660:
0660 : DF 65		" e"		stx	X0065
0662 : DE 34		" 4"		ldx	X0034
0664				L0664:
0664 : 09		" "		dex
0665 : DF 34		" 4"		stx	X0034
0667 : DE 65		" e"		ldx	X0065
0669 : 39		"9"		rts
				;
066A				L066A:
066A : DF 7F		"  "		stx	X007F
066C				L066C:
066C : CE 03 06		"   "		ldx	#$0306
066F				L066F:
066F : A6 00		"  "		ldaa	$00,x
0671 : 90 BE		"  "		suba	X00BE
0673 : 84 7F		"  "		anda	#$7F
0675 : 26 1A		"& "		bne	L0691
0677 : A6 01		"  "		ldaa	$01,x
0679				L0679:
0679 : 90 BF		"  "		suba	X00BF
067B : 84 7F		"  "		anda	#$7F
067D : 26 12		"& "		bne	L0691
067F : A6 02		"  "		ldaa	$02,x
0681 : 90 C0		"  "		suba	X00C0
0683 : 84 7F		"  "		anda	#$7F
0685 : 26 0A		"& "		bne	L0691
0687 : E6 03		"  "		ldab	$03,x
0689 : D7 36		" 6"		stab	X0036
068B : EE 04		"  "		ldx	$04,x
068D : DF 37		" 7"		stx	X0037
068F : 20 19		"  "		bra	L06AA
				;
0691				L0691:
0691 : 08		" "		inx
0692 : 08		" "		inx
0693 : 08		" "		inx
0694 : 08		" "		inx
0695 : 08		" "		inx
0696 : 08		" "		inx
0697 : 8C 04 FE		"   "		cpx	#$04FE
069A : 26 D3		"& "		bne	L066F
069C : 86 CF		"  "		ldaa	#$CF
069E : BD 05 ED		"   "		jsr	L05ED
06A1 : 86 00		"  "		ldaa	#$00
06A3 : 97 36		" 6"		staa	X0036
06A5 : CE 00 00		"   "		ldx	#$0000
06A8 : DF 37		" 7"		stx	X0037
06AA				L06AA:
06AA : DE 81		"  "		ldx	X0081
06AC : 39		"9"		rts
				;
06AD				L06AD:
06AD : 96 3F		" ?"		ldaa	X003F
06AF : 26 42		"&B"		bne	L06F3
06B1 : 96 42		" B"		ldaa	X0042
06B3 : 26 3E		"&>"		bne	L06F3
06B5 : DF 81		"  "		stx	X0081
06B7 : DE 34		" 4"		ldx	X0034
06B9 : DF 7F		"  "		stx	X007F
06BB : 96 43		" C"		ldaa	X0043
06BD : 26 2A		"&*"		bne	L06E9
06BF : 96 46		" F"		ldaa	X0046
06C1 : 27 26		"'&"		beq	L06E9
06C3 : 7C 00 39		"| 9"		inc	X0039
06C6 : 26 21		"&!"		bne	L06E9
06C8 : 86 CA		"  "		ldaa	#$CA
06CA : 97 39		" 9"		staa	X0039
06CC : DE 49		" I"		ldx	X0049
06CE : 08		" "		inx
06CF : DF 49		" I"		stx	X0049
06D1 : 96 49		" I"		ldaa	X0049
06D3 : D6 4A		" J"		ldab	X004A
06D5 : CE 05 7C		"  |"		ldx	#$057C
06D8 : BD 05 C6		"   "		jsr	L05C6
06DB : 86 20		"  "		ldaa	#$20
06DD : B7 05 7C		"  |"		staa	X057C
06E0 : B7 05 7D		"  }"		staa	X057D
06E3 : CE 05 6C		"  l"		ldx	#$056C
06E6 : BD 01 33		"  3"		jsr	L0133
06E9				L06E9:
06E9 : DE 81		"  "		ldx	X0081
06EB : BD 01 36		"  6"		jsr	L0136
06EE : DE 7F		"  "		ldx	X007F
06F0 : DF 34		" 4"		stx	X0034
06F2 : 39		"9"		rts
				;
06F3				L06F3:
06F3 : 96 27		" '"		ldaa	X0027
06F5 : 27 03		"' "		beq	L06FA
06F7 : BD 01 36		"  6"		jsr	L0136
06FA				L06FA:
06FA : 39		"9"		rts
				;
06FB				L06FB:
06FB : DE 34		" 4"		ldx	X0034
06FD : DF 7F		"  "		stx	X007F
06FF : C5 01		"  "		bitb	#$01
0701 : 27 0D		"' "		beq	L0710
0703 : CE 00 AA		"   "		ldx	#$00AA
0706 : 96 47		" G"		ldaa	X0047
0708 : BD 05 F6		"   "		jsr	L05F6
070B : 96 48		" H"		ldaa	X0048
070D : BD 05 F6		"   "		jsr	L05F6
0710				L0710:
0710 : C5 02		"  "		bitb	#$02
0712 : 27 08		"' "		beq	L071C
0714 : CE 00 AF		"   "		ldx	#$00AF
0717 : 96 38		" 8"		ldaa	X0038
0719 : BD 05 F6		"   "		jsr	L05F6
071C				L071C:
071C : C5 04		"  "		bitb	#$04
071E : 27 08		"' "		beq	L0728
0720 : CE 00 B2		"   "		ldx	#$00B2
0723 : 96 2F		" /"		ldaa	X002F
0725 : BD 05 F6		"   "		jsr	L05F6
0728				L0728:
0728 : C5 08		"  "		bitb	#$08
072A : 27 0D		"' "		beq	L0739
072C : CE 00 B2		"   "		ldx	#$00B2
072F : 96 2E		" ."		ldaa	X002E
0731 : BD 05 F6		"   "		jsr	L05F6
0734 : 96 2F		" /"		ldaa	X002F
0736 : BD 05 F6		"   "		jsr	L05F6
0739				L0739:
0739 : C5 10		"  "		bitb	#$10
073B : 27 0D		"' "		beq	L074A
073D : CE 00 AF		"   "		ldx	#$00AF
0740 : 96 2E		" ."		ldaa	X002E
0742 : BD 05 F6		"   "		jsr	L05F6
0745 : 96 2F		" /"		ldaa	X002F
0747 : BD 05 F6		"   "		jsr	L05F6
074A				L074A:
074A : 7D 00 27		"} '"		tst	X0027
074D : 27 1D		"' "		beq	L076C
074F : 0F		" "		sei
0750 : 9F 63		" c"		sts	X0063
0752 : CE 00 B7		"   "		ldx	#$00B7
0755 : 8E 02 B6		"   "		lds	#$02B6
0758				L0758:
0758 : 32		"2"		pula
0759 : A7 00		"  "		staa	$00,x
075B : 08		" "		inx
075C : 8C 00 EA		"   "		cpx	#$00EA
075F : 27 04		"' "		beq	L0765
0761 : 81 0D		"  "		cmpa	#$0D
0763 : 26 F3		"& "		bne	L0758
0765				L0765:
0765 : 09		" "		dex
0766 : 9E 63		" c"		lds	X0063
0768 : 0E		" "		cli
0769 : 7E 07 F6		"~  "		jmp	L07F6
				;
076C				L076C:
076C : CE 00 B6		"   "		ldx	#$00B6
076F : C5 20		"  "		bitb	#$20
0771 : 27 20		"' "		beq	L0793
0773 : 7D 00 6D		"} m"		tst	X006D
0776 : 26 05		"& "		bne	L077D
0778 : CE 02 B7		"   "		ldx	#$02B7
077B : 20 02		"  "		bra	L077F
				;
077D				L077D:
077D : DE 6B		" k"		ldx	X006B
077F				L077F:
077F : DF 34		" 4"		stx	X0034
0781 : CE 00 B7		"   "		ldx	#$00B7
0784				L0784:
0784 : BD 05 DE		"   "		jsr	L05DE
0787 : 81 20		"  "		cmpa	#$20
0789 : 27 08		"' "		beq	L0793
078B : A7 00		"  "		staa	$00,x
078D : 08		" "		inx
078E : 8C 00 BD		"   "		cpx	#$00BD
0791 : 26 F1		"& "		bne	L0784
0793				L0793:
0793 : C5 40		" @"		bitb	#$40
0795 : 27 28		"'("		beq	L07BF
0797 : DE 59		" Y"		ldx	X0059
0799 : DF 34		" 4"		stx	X0034
079B : CE 00 C5		"   "		ldx	#$00C5
079E : 96 36		" 6"		ldaa	X0036
07A0 : 85 10		"  "		bita	#$10
07A2 : 26 1B		"& "		bne	L07BF
07A4 : BD 05 E1		"   "		jsr	L05E1
07A7 : BD 05 C9		"   "		jsr	L05C9
07AA				L07AA:
07AA : BD 05 DE		"   "		jsr	L05DE
07AD : 81 20		"  "		cmpa	#$20
07AF : 27 19		"' "		beq	L07CA
07B1 : 81 0D		"  "		cmpa	#$0D
07B3 : 27 41		"'A"		beq	L07F6
07B5 : A7 00		"  "		staa	$00,x
07B7 : 08		" "		inx
07B8 : 8C 00 EA		"   "		cpx	#$00EA
07BB : 26 ED		"& "		bne	L07AA
07BD : 20 37		" 7"		bra	L07F6
				;
07BF				L07BF:
07BF : C5 80		"  "		bitb	#$80
07C1 : 27 33		"'3"		beq	L07F6
07C3 : DE 59		" Y"		ldx	X0059
07C5 : DF 34		" 4"		stx	X0034
07C7 : CE 00 C5		"   "		ldx	#$00C5
07CA				L07CA:
07CA : C5 80		"  "		bitb	#$80
07CC : 27 28		"'("		beq	L07F6
07CE : 08		" "		inx
07CF : 08		" "		inx
07D0 : DF 7D		" }"		stx	X007D
07D2 : 96 7D		" }"		ldaa	X007D
07D4 : D6 7E		" ~"		ldab	X007E
07D6 : F0 06 44		"  D"		subb	X0644
07D9 : B2 06 43		"  C"		sbca	X0643
07DC : 24 03		"$ "		bcc	L07E1
07DE : CE 00 CE		"   "		ldx	#$00CE
07E1				L07E1:
07E1 : BD 05 E1		"   "		jsr	L05E1
07E4 : BD 05 C9		"   "		jsr	L05C9
07E7				L07E7:
07E7 : BD 05 DE		"   "		jsr	L05DE
07EA : A7 00		"  "		staa	$00,x
07EC : 81 0D		"  "		cmpa	#$0D
07EE : 27 06		"' "		beq	L07F6
07F0 : 08		" "		inx
07F1 : 8C 00 EB		"   "		cpx	#$00EB
07F4 : 26 F1		"& "		bne	L07E7
07F6				L07F6:
07F6 : 86 0D		"  "		ldaa	#$0D
07F8 : A7 01		"  "		staa	$01,x
07FA : 86 0A		"  "		ldaa	#$0A
07FC : A7 02		"  "		staa	$02,x
07FE : 86 04		"  "		ldaa	#$04
0800 : A7 03		"  "		staa	$03,x
0802 : DE 7F		"  "		ldx	X007F
0804 : DF 34		" 4"		stx	X0034
0806 : 39		"9"		rts
				;
0807				L0807:
0807 : 37		"7"		pshb
0808 : 36		"6"		psha
0809 : A6 00		"  "		ldaa	$00,x
080B : E6 01		"  "		ldab	$01,x
080D : 37		"7"		pshb
080E : 36		"6"		psha
080F : 34		"4"		des
0810 : 30		"0"		tsx
0811 : 86 01		"  "		ldaa	#$01
0813 : 6D 01		"m "		tst	$01,x
0815 : 2B 0B		"+ "		bmi	L0822
0817				L0817:
0817 : 4C		"L"		inca
0818 : 68 02		"h "		asl	$02,x
081A : 69 01		"i "		rol	$01,x
081C : 2B 04		"+ "		bmi	L0822
081E : 81 11		"  "		cmpa	#$11
0820 : 26 F5		"& "		bne	L0817
0822				L0822:
0822 : A7 00		"  "		staa	$00,x
0824 : A6 03		"  "		ldaa	$03,x
0826 : E6 04		"  "		ldab	$04,x
0828 : 6F 03		"o "		clr	$03,x
082A : 6F 04		"o "		clr	$04,x
082C				L082C:
082C : E0 02		"  "		subb	$02,x
082E : A2 01		"  "		sbca	$01,x
0830 : 24 07		"$ "		bcc	L0839
0832 : EB 02		"  "		addb	$02,x
0834 : A9 01		"  "		adca	$01,x
0836 : 0C		" "		clc
0837 : 20 01		"  "		bra	L083A
				;
0839				L0839:
0839 : 0D		" "		sec
083A				L083A:
083A : 69 04		"i "		rol	$04,x
083C : 69 03		"i "		rol	$03,x
083E : 64 01		"d "		lsr	$01,x
0840 : 66 02		"f "		ror	$02,x
0842 : 6A 00		"j "		dec	$00,x
0844 : 26 E6		"& "		bne	L082C
0846 : 31		"1"		ins
0847 : 31		"1"		ins
0848 : 31		"1"		ins
0849 : 32		"2"		pula
084A : 33		"3"		pulb
084B : 39		"9"		rts
				;
084C				L084C:
084C : 37		"7"		pshb
084D : 36		"6"		psha
084E : A6 01		"  "		ldaa	$01,x
0850 : 36		"6"		psha
0851 : A6 00		"  "		ldaa	$00,x
0853 : 36		"6"		psha
0854 : 86 10		"  "		ldaa	#$10
0856 : 36		"6"		psha
0857 : 30		"0"		tsx
0858 : A6 03		"  "		ldaa	$03,x
085A				L085A:
085A : 58		"X"		aslb
085B : 49		"I"		rola
085C : 68 02		"h "		asl	$02,x
085E : 69 01		"i "		rol	$01,x
0860 : 24 04		"$ "		bcc	L0866
0862 : EB 04		"  "		addb	$04,x
0864 : A9 03		"  "		adca	$03,x
0866				L0866:
0866 : 6A 00		"j "		dec	$00,x
0868 : 26 F0		"& "		bne	L085A
086A : 31		"1"		ins
086B : 31		"1"		ins
086C : 31		"1"		ins
086D : 31		"1"		ins
086E : 31		"1"		ins
086F : 39		"9"		rts
				;
0870				L0870:
0870 : 37		"7"		pshb
0871 : 16		" "		tab
0872 : 44		"D"		lsra
0873 : 44		"D"		lsra
0874 : 44		"D"		lsra
0875 : 44		"D"		lsra
0876 : 8D 05		"  "		bsr	L087D
0878 : 17		" "		tba
0879 : 8D 02		"  "		bsr	L087D
087B : 33		"3"		pulb
087C : 39		"9"		rts
				;
087D				L087D:
087D : 84 0F		"  "		anda	#$0F
087F : 8A 30		" 0"		oraa	#$30
0881 : 81 3A		" :"		cmpa	#$3A
0883 : 25 02		"% "		bcs	L0887
0885 : 8B 07		"  "		adda	#$07
0887				L0887:
0887 : A7 00		"  "		staa	$00,x
0889 : 08		" "		inx
088A : 39		"9"		rts
				;
088B				L088B:
088B : DF 69		" i"		stx	X0069
088D : D6 46		" F"		ldab	X0046
088F : 26 08		"& "		bne	L0899
0891 : 81 D3		"  "		cmpa	#$D3
0893 : 27 22		"'""		beq	L08B7
0895 : 81 D0		"  "		cmpa	#$D0
0897 : 27 1E		"' "		beq	L08B7
0899				L0899:
0899 : 7C 00 27		"| '"		inc	X0027
089C : DE 25		" %"		ldx	X0025
089E : 08		" "		inx
089F : DF 25		" %"		stx	X0025
08A1 : 16		" "		tab
08A2 : 4F		"O"		clra
08A3 : CE 05 07		"   "		ldx	#$0507
08A6 : BD 05 C6		"   "		jsr	L05C6
08A9 : 86 20		"  "		ldaa	#$20
08AB : B7 05 07		"   "		staa	X0507
08AE : B7 05 08		"   "		staa	X0508
08B1 : CE 04 FE		"   "		ldx	#$04FE
08B4 : BD 05 E7		"   "		jsr	L05E7
08B7				L08B7:
08B7 : DE 69		" i"		ldx	X0069
08B9 : 39		"9"		rts
				;
08BA				L08BA:
08BA : DF 65		" e"		stx	X0065
08BC : CE 08 EA		"   "		ldx	#$08EA
08BF				L08BF:
08BF : 7F 00 60		"  `"		clr	X0060
08C2				L08C2:
08C2 : E0 01		"  "		subb	$01,x
08C4 : A2 00		"  "		sbca	$00,x
08C6 : 25 05		"% "		bcs	L08CD
08C8 : 7C 00 60		"| `"		inc	X0060
08CB : 20 F5		"  "		bra	L08C2
				;
08CD				L08CD:
08CD : EB 01		"  "		addb	$01,x
08CF : A9 00		"  "		adca	$00,x
08D1 : 36		"6"		psha
08D2 : DF 67		" g"		stx	X0067
08D4 : DE 65		" e"		ldx	X0065
08D6 : 96 60		" `"		ldaa	X0060
08D8 : 8B 30		" 0"		adda	#$30
08DA : A7 00		"  "		staa	$00,x
08DC : 32		"2"		pula
08DD : 08		" "		inx
08DE : DF 65		" e"		stx	X0065
08E0 : DE 67		" g"		ldx	X0067
08E2 : 08		" "		inx
08E3 : 08		" "		inx
08E4 : 8C 08 F4		"   "		cpx	#$08F4
08E7 : 26 D6		"& "		bne	L08BF
08E9 : 39		"9"		rts
				;
08EA : 27 10		"' "		beq	L08FC
				;
08EC : 03		" "		db	$03
				;
08ED : E8 00		"  "		eorb	$00,x
08EF : 64 00		"d "		lsr	$00,x
08F1 : 0A		" "		clv
				;
08F2 : 00		" "		db	$00
				;
08F3 : 01		" "		nop
08F4				L08F4:
08F4 : BD 01 06		"   "		jsr	L0106
08F7 : 0F		" "		sei
08F8 : CE 16 40		"  @"		ldx	#$1640
08FB : DF 72		" r"		stx	X0072
08FD : B6 16 40		"  @"		ldaa	X1640
0900 : 26 13		"& "		bne	L0915
0902 : C6 18		"  "		ldab	#$18
0904 : CE 1D 30		"  0"		ldx	#$1D30
0907 : 8E 16 27		"  '"		lds	#$1627
090A				L090A:
090A : 32		"2"		pula
090B : A7 00		"  "		staa	$00,x
090D : 08		" "		inx
090E : 5A		"Z"		decb
090F : 26 F9		"& "		bne	L090A
0911 : DF 72		" r"		stx	X0072
0913 : 20 06		"  "		bra	L091B
				;
0915				L0915:
0915 : CE 01 30		"  0"		ldx	#$0130
0918 : FF 01 04		"   "		stx	X0104
091B				L091B:
091B : 0E		" "		cli
091C : 96 72		" r"		ldaa	X0072
091E : D6 73		" s"		ldab	X0073
0920 : CB 08		"  "		addb	#$08
0922 : 24 01		"$ "		bcc	L0925
0924 : 4C		"L"		inca
0925				L0925:
0925 : F0 03 02		"   "		subb	X0302
0928 : B2 03 01		"   "		sbca	X0301
092B : 25 05		"% "		bcs	L0932
092D : CE 20 00		"   "		ldx	#$2000
0930 : 20 03		"  "		bra	L0935
				;
0932				L0932:
0932 : FE 03 01		"   "		ldx	X0301
0935				L0935:
0935 : DF 23		" #"		stx	X0023
0937 : 09		" "		dex
0938 : 09		" "		dex
0939 : 09		" "		dex
093A : 09		" "		dex
093B : 09		" "		dex
093C : 09		" "		dex
093D : 09		" "		dex
093E : 09		" "		dex
093F : DF 74		" t"		stx	X0074
0941 : CE 00 00		"   "		ldx	#$0000
0944 : DF 21		" !"		stx	X0021
0946				L0946:
0946 : 8E E0 B8		"   "		lds	#$E0B8
0949 : 7F 00 3E		"  >"		clr	X003E
094C : 7F 00 3F		"  ?"		clr	X003F
094F : BD F0 3B		"  ;"		jsr	RESTORE		restore ifile pointers
0952 : D6 00		"  "		ldab	X0000		assembly param number
0954 : 26 03		"& "		bne	L0959
0956 : 7E F0 23		"~ #"		jmp	UPDATE		exit if 0
				;
0959				L0959:
0959 : 86 31		" 1"		ldaa	#$31
095B : 54		"T"		lsrb			all param values have lsb set
095C : 25 03		"% "		bcs	L0961
095E : 4A		"J"		deca
095F : 1B		" "		aba
0960 : 5F		"_"		clrb
0961				L0961:
0961 : 58		"X"		aslb			clears bit just done	
0962 : D7 00		"  "		stab	X0000
0964 : 81 31		" 1"		cmpa	#$31
0966 : 26 13		"& "		bne	L097B
0968 : DE 72		" r"		ldx	X0072
096A : DF 7B		" {"		stx	X007B
096C : CE 06 05		"   "		ldx	#$0605
096F : BD 01 1E		"   "		jsr	vCrLfSt
0972 : 4F		"O"		clra
0973 : 97 25		" %"		staa	X0025
0975 : 97 26		" &"		staa	X0026
0977 : 97 46		" F"		staa	X0046
0979 : 20 1A		"  "		bra	L0995
				;
097B				L097B:
097B : 81 32		" 2"		cmpa	#$32
097D : 27 0F		"' "		beq	L098E
097F : 81 33		" 3"		cmpa	#$33
0981 : 26 05		"& "		bne	L0988
0983 : 7C 00 3E		"| >"		inc	X003E
0986 : 20 06		"  "		bra	L098E
				;
0988				L0988:
0988 : BD 01 15		"   "		jsr	L0115
098B : 7C 00 3F		"| ?"		inc	X003F
098E				L098E:
098E : 97 46		" F"		staa	X0046
0990 : 7F 00 4B		"  K"		clr	X004B
0993 : 4F		"O"		clra
0994 : 01		" "		nop
0995				L0995:
0995 : 97 42		" B"		staa	X0042
0997 : 97 33		" 3"		staa	X0033
0999 : 97 41		" A"		staa	X0041
099B : 97 40		" @"		staa	X0040
099D : 97 44		" D"		staa	X0044
099F : 97 45		" E"		staa	X0045
09A1 : 97 4C		" L"		staa	X004C
09A3 : 97 43		" C"		staa	X0043
09A5 : 97 3D		" ="		staa	X003D
09A7 : 86 FF		"  "		ldaa	#$FF
09A9 : 97 39		" 9"		staa	X0039
09AB : CE 00 00		"   "		ldx	#$0000
09AE : DF 49		" I"		stx	X0049
09B0 : DF 47		" G"		stx	X0047
09B2 : CE 16 28		"  ("		ldx	#$1628
09B5 : 7D 16 40		"} @"		tst	X1640
09B8 : 26 03		"& "		bne	L09BD
09BA : CE 1D 30		"  0"		ldx	#$1D30
09BD				L09BD:
09BD : DF 79		" y"		stx	X0079
09BF : DF 77		" w"		stx	X0077
09C1 : CE 05 84		"   "		ldx	#$0584
09C4 : 86 20		"  "		ldaa	#$20
09C6				L09C6:
09C6 : A7 00		"  "		staa	$00,x
09C8 : 08		" "		inx
09C9 : 8C 05 96		"   "		cpx	#$0596
09CC : 26 F8		"& "		bne	L09C6
09CE : 86 FF		"  "		ldaa	#$FF
09D0 : 97 33		" 3"		staa	X0033
09D2 : 20 03		"  "		bra	L09D7
				;
09D4				L09D4:
09D4 : 7F 00 33		"  3"		clr	X0033
09D7				L09D7:
09D7 : 7F 00 27		"  '"		clr	X0027
09DA : BD 01 12		"   "		jsr	L0112
09DD : 96 33		" 3"		ldaa	X0033
09DF : 27 1B		"' "		beq	L09FC
09E1 : 7F 00 6D		"  m"		clr	X006D
09E4 : CE 00 00		"   "		ldx	#$0000
09E7 : DF 6E		" n"		stx	X006E
09E9 : B6 02 B7		"   "		ldaa	X02B7
09EC : 81 0D		"  "		cmpa	#$0D
09EE : 27 E7		"' "		beq	L09D7
09F0 : 81 30		" 0"		cmpa	#$30
09F2 : 2D 08		"- "		blt	L09FC
09F4 : 81 39		" 9"		cmpa	#$39
09F6 : 2E 04		". "		bgt	L09FC
09F8 : 86 FF		"  "		ldaa	#$FF
09FA : 97 6D		" m"		staa	X006D
09FC				L09FC:
09FC : CE 02 B7		"   "		ldx	#$02B7
09FF : DF 34		" 4"		stx	X0034
0A01 : 96 6D		" m"		ldaa	X006D
0A03 : 26 07		"& "		bne	L0A0C
0A05 : DE 6E		" n"		ldx	X006E
0A07 : 08		" "		inx
0A08 : DF 6E		" n"		stx	X006E
0A0A : 20 07		"  "		bra	L0A13
				;
0A0C				L0A0C:
0A0C : BD 05 D2		"   "		jsr	L05D2
0A0F : DE 2C		" ,"		ldx	X002C
0A11				X0A11:
0A11 : DF 6E		" n"		stx	X006E
0A13				L0A13:
0A13 : CE 00 9C		"   "		ldx	#$009C
0A16 : 86 20		"  "		ldaa	#$20
0A18				L0A18:
0A18 : A7 00		"  "		staa	$00,x
0A1A : 08		" "		inx
0A1B : 8C 00 EC		"   "		cpx	#$00EC
0A1E : 26 F8		"& "		bne	L0A18
0A20 : 96 6E		" n"		ldaa	X006E
0A22 : D6 6F		" o"		ldab	X006F
0A24 : CE 00 A4		"   "		ldx	#$00A4
0A27 : BD 05 C6		"   "		jsr	L05C6
0A2A : DE 34		" 4"		ldx	X0034
0A2C : DF 6B		" k"		stx	X006B
0A2E : BD 05 DE		"   "		jsr	L05DE
0A31 : 81 2A		" *"		cmpa	#$2A
0A33 : 26 3C		"&<"		bne	L0A71
0A35 : 7D 00 46		"} F"		tst	X0046
0A38 : 27 9A		"' "		beq	L09D4
0A3A : CE 00 B7		"   "		ldx	#$00B7
0A3D : 0F		" "		sei
0A3E : 9F 63		" c"		sts	X0063
0A40 : 96 6D		" m"		ldaa	X006D
0A42 : 27 05		"' "		beq	L0A49
0A44 : 9E 6B		" k"		lds	X006B
0A46 : 34		"4"		des
0A47 : 20 03		"  "		bra	L0A4C
				;
0A49				L0A49:
0A49 : 8E 02 B6		"   "		lds	#$02B6
0A4C				L0A4C:
0A4C : 32		"2"		pula
0A4D : A7 00		"  "		staa	$00,x
0A4F : 81 0D		"  "		cmpa	#$0D
0A51 : 27 06		"' "		beq	L0A59
0A53 : 08		" "		inx
0A54 : 8C 00 EB		"   "		cpx	#$00EB
0A57 : 26 F3		"& "		bne	L0A4C
0A59				L0A59:
0A59 : 9E 63		" c"		lds	X0063
0A5B : 0E		" "		cli
0A5C : 86 0D		"  "		ldaa	#$0D
0A5E : A7 00		"  "		staa	$00,x
0A60 : 86 0A		"  "		ldaa	#$0A
0A62 : A7 01		"  "		staa	$01,x
0A64 : 86 04		"  "		ldaa	#$04
0A66 : A7 02		"  "		staa	$02,x
0A68 : CE 00 A4		"   "		ldx	#$00A4
0A6B : BD 05 E7		"   "		jsr	L05E7
0A6E : 7E 05 C0		"~  "		jmp	L05C0
				;
0A71				L0A71:
0A71 : 81 0D		"  "		cmpa	#$0D
0A73 : 26 03		"& "		bne	L0A78
0A75 : 7E 05 C0		"~  "		jmp	L05C0
				;
0A78				L0A78:
0A78 : 81 20		"  "		cmpa	#$20
0A7A : 27 3D		"'="		beq	L0AB9
0A7C : C6 06		"  "		ldab	#$06
0A7E : CE 00 9C		"   "		ldx	#$009C
0A81				L0A81:
0A81 : 5D		"]"		tstb
0A82 : 27 04		"' "		beq	L0A88
0A84 : A7 00		"  "		staa	$00,x
0A86 : 08		" "		inx
0A87 : 5A		"Z"		decb
0A88				L0A88:
0A88 : BD 05 DE		"   "		jsr	L05DE
0A8B : 81 20		"  "		cmpa	#$20
0A8D : 26 F2		"& "		bne	L0A81
0A8F : CE 00 9C		"   "		ldx	#$009C
0A92 : 20 0E		"  "		bra	L0AA2
				;
0A94				L0A94:
0A94 : A6 00		"  "		ldaa	$00,x
0A96 : 81 20		"  "		cmpa	#$20
0A98 : 27 12		"' "		beq	L0AAC
0A9A : 81 30		" 0"		cmpa	#$30
0A9C : 2D 16		"- "		blt	L0AB4
0A9E : 81 39		" 9"		cmpa	#$39
0AA0 : 2F 0A		"/ "		ble	L0AAC
0AA2				L0AA2:
0AA2 : A6 00		"  "		ldaa	$00,x
0AA4 : 81 41		" A"		cmpa	#$41
0AA6 : 2D 0C		"- "		blt	L0AB4
0AA8 : 81 5A		" Z"		cmpa	#$5A
0AAA : 2E 08		". "		bgt	L0AB4
0AAC				L0AAC:
0AAC : 08		" "		inx
0AAD : 8C 00 A2		"   "		cpx	#$00A2
0AB0 : 26 E2		"& "		bne	L0A94
0AB2 : 20 05		"  "		bra	L0AB9
				;
0AB4				L0AB4:
0AB4 : 86 CD		"  "		ldaa	#$CD
0AB6 : BD 05 ED		"   "		jsr	L05ED
0AB9				L0AB9:
0AB9 : BD 05 E1		"   "		jsr	L05E1
0ABC : 97 BE		"  "		staa	X00BE
0ABE : BD 05 DE		"   "		jsr	L05DE
0AC1 : 97 BF		"  "		staa	X00BF
0AC3 : BD 05 DE		"   "		jsr	L05DE
0AC6 : 97 C0		"  "		staa	X00C0
0AC8 : DE 34		" 4"		ldx	X0034
0ACA : DF 59		" Y"		stx	X0059
0ACC : BD 05 D5		"   "		jsr	L05D5
0ACF : 7D 00 38		"} 8"		tst	X0038
0AD2 : 26 0B		"& "		bne	L0ADF
0AD4 : C6 0B		"  "		ldab	#$0B
0AD6 : BD 05 DB		"   "		jsr	L05DB
0AD9 : C6 03		"  "		ldab	#$03
0ADB : 20 69		" i"		bra	L0B46
0ADD : 20 71		" q"		bra	L0B50
				;
0ADF				L0ADF:
0ADF : 7D 00 33		"} 3"		tst	X0033
0AE2 : 27 09		"' "		beq	L0AED
0AE4 : DE 37		" 7"		ldx	X0037
0AE6 : 8C 05 AE		"   "		cpx	#$05AE
0AE9 : 27 0E		"' "		beq	L0AF9
0AEB : 20 07		"  "		bra	L0AF4
				;
0AED				L0AED:
0AED : DE 37		" 7"		ldx	X0037
0AEF : 8C 05 AE		"   "		cpx	#$05AE
0AF2 : 26 05		"& "		bne	L0AF9
0AF4				L0AF4:
0AF4 : 86 C9		"  "		ldaa	#$C9
0AF6 : BD 05 ED		"   "		jsr	L05ED
0AF9				L0AF9:
0AF9 : D6 36		" 6"		ldab	X0036
0AFB : 96 9C		"  "		ldaa	X009C
0AFD : 81 20		"  "		cmpa	#$20
0AFF : 27 16		"' "		beq	L0B17
0B01 : C5 40		" @"		bitb	#$40
0B03 : 27 07		"' "		beq	L0B0C
0B05 : 86 CD		"  "		ldaa	#$CD
0B07 : BD 05 ED		"   "		jsr	L05ED
0B0A : 20 1E		"  "		bra	L0B2A
				;
0B0C				L0B0C:
0B0C : C5 20		"  "		bitb	#$20
0B0E : 26 10		"& "		bne	L0B20
0B10 : C6 01		"  "		ldab	#$01
0B12 : BD 05 F3		"   "		jsr	L05F3
0B15 : 20 09		"  "		bra	L0B20
				;
0B17				L0B17:
0B17 : C5 20		"  "		bitb	#$20
0B19 : 27 05		"' "		beq	L0B20
0B1B : 86 CA		"  "		ldaa	#$CA
0B1D : BD 05 ED		"   "		jsr	L05ED
0B20				L0B20:
0B20 : D6 36		" 6"		ldab	X0036
0B22 : C5 80		"  "		bitb	#$80
0B24 : 27 04		"' "		beq	L0B2A
0B26 : DE 37		" 7"		ldx	X0037
0B28 : 6E 00		"n "		jmp	$00,x						;INFO: index jump
				;
0B2A				L0B2A:
0B2A : D6 36		" 6"		ldab	X0036
0B2C : C5 10		"  "		bitb	#$10
0B2E : 26 06		"& "		bne	L0B36
0B30 : BD 05 D8		"   "		jsr	L05D8
0B33 : 7E 0B 3C		"~ <"		jmp	L0B3C
				;
0B36				L0B36:
0B36 : 86 01		"  "		ldaa	#$01
0B38 : 97 20		"  "		staa	X0020
0B3A : C6 E3		"  "		ldab	#$E3
0B3C				L0B3C:
0B3C : BD 05 DB		"   "		jsr	L05DB
0B3F : C6 01		"  "		ldab	#$01
0B41 : BD 05 EA		"   "		jsr	L05EA
0B44 : D6 20		"  "		ldab	X0020
0B46				L0B46:
0B46 : DB 48		" H"		addb	X0048
0B48 : 86 00		"  "		ldaa	#$00
0B4A : 99 47		" G"		adca	X0047
0B4C : 97 47		" G"		staa	X0047
0B4E : D7 48		" H"		stab	X0048
0B50				L0B50:
0B50 : 7D 00 27		"} '"		tst	X0027
0B53 : 26 05		"& "		bne	L0B5A
0B55 : 7D 00 46		"} F"		tst	X0046
0B58 : 27 06		"' "		beq	L0B60
0B5A				L0B5A:
0B5A : CE 00 A4		"   "		ldx	#$00A4
0B5D : BD 05 E7		"   "		jsr	L05E7
0B60				L0B60:
0B60 : 7E 05 C0		"~  "		jmp	L05C0
				;
0B63				L0B63:
0B63 : CE 00 9C		"   "		ldx	#$009C
0B66				L0B66:
0B66 : A6 00		"  "		ldaa	$00,x
0B68 : 36		"6"		psha
0B69 : 08		" "		inx
0B6A : 8C 00 A4		"   "		cpx	#$00A4
0B6D : 26 F7		"& "		bne	L0B66
0B6F : BD 05 CF		"   "		jsr	L05CF
0B72 : DE 2A		" *"		ldx	X002A
0B74 : DF 2E		" ."		stx	X002E
0B76 : CE 00 A3		"   "		ldx	#$00A3
0B79				L0B79:
0B79 : 32		"2"		pula
0B7A : A7 00		"  "		staa	$00,x
0B7C : 09		" "		dex
0B7D : 8C 00 9B		"   "		cpx	#$009B
0B80 : 26 F7		"& "		bne	L0B79
0B82 : C6 FF		"  "		ldab	#$FF
0B84 : BD 05 F3		"   "		jsr	L05F3
0B87 : C6 F0		"  "		ldab	#$F0
0B89 : BD 05 DB		"   "		jsr	L05DB
0B8C : 7E 05 C3		"~  "		jmp	L05C3
				;
0B8F				L0B8F:
0B8F : 96 46		" F"		ldaa	X0046
0B91 : 27 44		"'D"		beq	L0BD7
0B93 : C6 C0		"  "		ldab	#$C0
0B95 : BD 05 DB		"   "		jsr	L05DB
0B98 : CE 00 A4		"   "		ldx	#$00A4
0B9B : BD 05 E7		"   "		jsr	L05E7
0B9E : C6 80		"  "		ldab	#$80
0BA0 : BD 05 EA		"   "		jsr	L05EA
0BA3 : 96 45		" E"		ldaa	X0045
0BA5 : 27 03		"' "		beq	L0BAA
0BA7 : BD 05 F0		"   "		jsr	L05F0
0BAA				L0BAA:
0BAA : 96 25		" %"		ldaa	X0025
0BAC : D6 26		" &"		ldab	X0026
0BAE : CE 05 1F		"   "		ldx	#$051F
0BB1 : BD 05 C6		"   "		jsr	L05C6
0BB4 : CE 05 10		"   "		ldx	#$0510
0BB7 : BD 01 36		"  6"		jsr	L0136
0BBA : 96 43		" C"		ldaa	X0043
0BBC : 26 16		"& "		bne	L0BD4
0BBE : 96 42		" B"		ldaa	X0042
0BC0 : 26 12		"& "		bne	L0BD4
0BC2 : 96 3F		" ?"		ldaa	X003F
0BC4 : 26 0E		"& "		bne	L0BD4
0BC6				L0BC6:
0BC6 : 96 39		" 9"		ldaa	X0039
0BC8 : 81 FF		"  "		cmpa	#$FF
0BCA : 27 08		"' "		beq	L0BD4
0BCC : CE 06 3F		"  ?"		ldx	#$063F
0BCF : BD 05 E7		"   "		jsr	L05E7
0BD2 : 20 F2		"  "		bra	L0BC6
0BD4				L0BD4:
0BD4 : 7E 03 03		"~  "		jmp	L0303
				;
0BD7				L0BD7:
0BD7 : BD 05 F0		"   "		jsr	L05F0
0BDA : 7E 03 03		"~  "		jmp	L0303
				;
0BDD				L0BDD:
0BDD : BD 05 E1		"   "		jsr	L05E1
0BE0 : 97 62		" b"		staa	X0062
0BE2 : DE 34		" 4"		ldx	X0034
0BE4 : 09		" "		dex
0BE5 : DF 69		" i"		stx	X0069
0BE7 : C6 FF		"  "		ldab	#$FF
0BE9 : D7 61		" a"		stab	X0061
0BEB : 81 30		" 0"		cmpa	#$30
0BED : 2D 3B		"-;"		blt	L0C2A
0BEF : 81 39		" 9"		cmpa	#$39
0BF1 : 2E 37		".7"		bgt	L0C2A
0BF3				L0BF3:
0BF3 : BD 05 DE		"   "		jsr	L05DE
0BF6 : 81 30		" 0"		cmpa	#$30
0BF8 : 2D 04		"- "		blt	L0BFE
0BFA : 81 39		" 9"		cmpa	#$39
0BFC : 2F F5		"/ "		ble	L0BF3
0BFE				L0BFE:
0BFE : 81 2C		" ,"		cmpa	#$2C
0C00 : 27 07		"' "		beq	L0C09
0C02 : DE 69		" i"		ldx	X0069
0C04 : 08		" "		inx
0C05 : DF 34		" 4"		stx	X0034
0C07 : 20 21		" !"		bra	L0C2A
				;
0C09				L0C09:
0C09 : DE 69		" i"		ldx	X0069
0C0B : DF 34		" 4"		stx	X0034
0C0D : BD 05 D2		"   "		jsr	L05D2
0C10 : 7F 00 62		"  b"		clr	X0062
0C13 : 7D 00 2C		"} ,"		tst	X002C
0C16 : 26 09		"& "		bne	L0C21
0C18 : 96 2D		" -"		ldaa	X002D
0C1A : 4D		"M"		tsta
0C1B : 27 04		"' "		beq	L0C21
0C1D : 97 61		" a"		staa	X0061
0C1F : 20 09		"  "		bra	L0C2A
				;
0C21				L0C21:
0C21 : 86 CC		"  "		ldaa	#$CC
0C23 : BD 05 ED		"   "		jsr	L05ED
0C26 : C6 01		"  "		ldab	#$01
0C28 : D7 61		" a"		stab	X0061
0C2A				L0C2A:
0C2A : BD 05 DE		"   "		jsr	L05DE
0C2D : 81 0D		"  "		cmpa	#$0D
0C2F : 27 04		"' "		beq	L0C35
0C31 : 91 62		" b"		cmpa	X0062
0C33 : 26 02		"& "		bne	L0C37
0C35				L0C35:
0C35 : 86 20		"  "		ldaa	#$20
0C37				L0C37:
0C37 : 97 38		" 8"		staa	X0038
0C39 : C6 E3		"  "		ldab	#$E3
0C3B : BD 05 DB		"   "		jsr	L05DB
0C3E : DE 34		" 4"		ldx	X0034
0C40 : DF 67		" g"		stx	X0067
0C42 : DE 69		" i"		ldx	X0069
0C44 : DF 34		" 4"		stx	X0034
0C46 : CE 00 C5		"   "		ldx	#$00C5
0C49				L0C49:
0C49 : BD 05 DE		"   "		jsr	L05DE
0C4C : 81 0D		"  "		cmpa	#$0D
0C4E : 27 08		"' "		beq	L0C58
0C50 : A7 00		"  "		staa	$00,x
0C52 : 08		" "		inx
0C53 : 8C 00 EA		"   "		cpx	#$00EA
0C56 : 26 F1		"& "		bne	L0C49
0C58				L0C58:
0C58 : 86 0D		"  "		ldaa	#$0D
0C5A : A7 00		"  "		staa	$00,x
0C5C : 86 0A		"  "		ldaa	#$0A
0C5E : A7 01		"  "		staa	$01,x
0C60 : 86 04		"  "		ldaa	#$04
0C62 : A7 02		"  "		staa	$02,x
0C64 : DE 67		" g"		ldx	X0067
0C66 : DF 34		" 4"		stx	X0034
0C68 : C6 00		"  "		ldab	#$00
0C6A : BD 05 EA		"   "		jsr	L05EA
0C6D : DE 47		" G"		ldx	X0047
0C6F : 08		" "		inx
0C70 : DF 47		" G"		stx	X0047
0C72 : 7D 00 46		"} F"		tst	X0046
0C75 : 27 06		"' "		beq	L0C7D
0C77 : CE 00 A4		"   "		ldx	#$00A4
0C7A : BD 05 E7		"   "		jsr	L05E7
0C7D				L0C7D:
0C7D : 7A 00 61		"z a"		dec	X0061
0C80 : 27 49		"'I"		beq	L0CCB
0C82 : BD 0C CE		"   "		jsr	L0CCE
0C85				L0C85:
0C85 : BD 05 DE		"   "		jsr	L05DE
0C88 : 7D 00 62		"} b"		tst	X0062
0C8B : 27 0F		"' "		beq	L0C9C
0C8D : 91 62		" b"		cmpa	X0062
0C8F : 27 3A		"':"		beq	L0CCB
0C91 : 81 0D		"  "		cmpa	#$0D
0C93 : 26 10		"& "		bne	L0CA5
0C95 : 86 CC		"  "		ldaa	#$CC
0C97 : BD 05 ED		"   "		jsr	L05ED
0C9A : 20 2F		" /"		bra	L0CCB
				;
0C9C				L0C9C:
0C9C : 81 0D		"  "		cmpa	#$0D
0C9E : 26 05		"& "		bne	L0CA5
0CA0 : 86 20		"  "		ldaa	#$20
0CA2 : BD 05 C9		"   "		jsr	L05C9
0CA5				L0CA5:
0CA5 : 97 38		" 8"		staa	X0038
0CA7 : C6 03		"  "		ldab	#$03
0CA9 : BD 05 DB		"   "		jsr	L05DB
0CAC : C6 00		"  "		ldab	#$00
0CAE : BD 05 EA		"   "		jsr	L05EA
0CB1 : DE 47		" G"		ldx	X0047
0CB3 : 08		" "		inx
0CB4 : DF 47		" G"		stx	X0047
0CB6 : 7D 00 46		"} F"		tst	X0046
0CB9 : 27 0B		"' "		beq	L0CC6
0CBB : 7D 00 41		"} A"		tst	X0041
0CBE : 26 06		"& "		bne	L0CC6
0CC0 : CE 00 A4		"   "		ldx	#$00A4
0CC3 : BD 05 E7		"   "		jsr	L05E7
0CC6				L0CC6:
0CC6 : 7A 00 61		"z a"		dec	X0061
0CC9 : 26 BA		"& "		bne	L0C85
0CCB				L0CCB:
0CCB : 7E 05 C0		"~  "		jmp	L05C0
				;
0CCE				L0CCE:
0CCE : CE 00 A4		"   "		ldx	#$00A4
0CD1 : 86 20		"  "		ldaa	#$20
0CD3				L0CD3:
0CD3 : A7 00		"  "		staa	$00,x
0CD5 : 08		" "		inx
0CD6 : 8C 00 A9		"   "		cpx	#$00A9
0CD9 : 26 F8		"& "		bne	L0CD3
0CDB : 39		"9"		rts
				;
0CDC				L0CDC:
0CDC : BD 05 CF		"   "		jsr	L05CF
0CDF : DE 2A		" *"		ldx	X002A
0CE1 : DF 2E		" ."		stx	X002E
0CE3 : C6 F1		"  "		ldab	#$F1
0CE5 : BD 05 DB		"   "		jsr	L05DB
0CE8 : C6 00		"  "		ldab	#$00
0CEA : BD 05 EA		"   "		jsr	L05EA
0CED : DE 47		" G"		ldx	X0047
0CEF : 08		" "		inx
0CF0 : 08		" "		inx
0CF1 : DF 47		" G"		stx	X0047
0CF3 : 96 46		" F"		ldaa	X0046
0CF5 : 27 06		"' "		beq	L0CFD
0CF7 : CE 00 A4		"   "		ldx	#$00A4
0CFA : BD 05 E7		"   "		jsr	L05E7
0CFD				L0CFD:
0CFD : BD 0C CE		"   "		jsr	L0CCE
0D00				L0D00:
0D00 : BD 05 C9		"   "		jsr	L05C9
0D03 : BD 05 DE		"   "		jsr	L05DE
0D06 : 81 2C		" ,"		cmpa	#$2C
0D08 : 27 03		"' "		beq	L0D0D
0D0A : 7E 05 C0		"~  "		jmp	L05C0
				;
0D0D				L0D0D:
0D0D : BD 05 CF		"   "		jsr	L05CF
0D10 : DE 2A		" *"		ldx	X002A
0D12 : DF 2E		" ."		stx	X002E
0D14 : C6 11		"  "		ldab	#$11
0D16 : BD 05 DB		"   "		jsr	L05DB
0D19 : C6 00		"  "		ldab	#$00
0D1B : BD 05 EA		"   "		jsr	L05EA
0D1E : DE 47		" G"		ldx	X0047
0D20 : 08		" "		inx
0D21 : 08		" "		inx
0D22 : DF 47		" G"		stx	X0047
0D24 : 96 46		" F"		ldaa	X0046
0D26 : 27 D8		"' "		beq	L0D00
0D28 : 96 41		" A"		ldaa	X0041
0D2A : 26 D4		"& "		bne	L0D00
0D2C : CE 00 A4		"   "		ldx	#$00A4
0D2F : BD 05 E7		"   "		jsr	L05E7
0D32 : 20 CC		"  "		bra	L0D00
				;
0D34				L0D34:
0D34 : 8D 4A		" J"		bsr	L0D80
0D36 : C6 E3		"  "		ldab	#$E3
0D38 : BD 05 DB		"   "		jsr	L05DB
0D3B : C6 00		"  "		ldab	#$00
0D3D : BD 05 EA		"   "		jsr	L05EA
0D40 : DE 47		" G"		ldx	X0047
0D42 : 08		" "		inx
0D43 : DF 47		" G"		stx	X0047
0D45 : 96 46		" F"		ldaa	X0046
0D47 : 27 06		"' "		beq	L0D4F
0D49 : CE 00 A4		"   "		ldx	#$00A4
0D4C : BD 05 E7		"   "		jsr	L05E7
0D4F				L0D4F:
0D4F : BD 0C CE		"   "		jsr	L0CCE
0D52				L0D52:
0D52 : BD 05 C9		"   "		jsr	L05C9
0D55 : BD 05 DE		"   "		jsr	L05DE
0D58 : 81 2C		" ,"		cmpa	#$2C
0D5A : 26 21		"&!"		bne	L0D7D
0D5C : 8D 22		" ""		bsr	L0D80
0D5E : C6 03		"  "		ldab	#$03
0D60 : BD 05 DB		"   "		jsr	L05DB
0D63 : C6 00		"  "		ldab	#$00
0D65 : BD 05 EA		"   "		jsr	L05EA
0D68 : DE 47		" G"		ldx	X0047
0D6A : 08		" "		inx
0D6B : DF 47		" G"		stx	X0047
0D6D : 96 46		" F"		ldaa	X0046
0D6F : 27 E1		"' "		beq	L0D52
0D71 : 96 41		" A"		ldaa	X0041
0D73 : 26 DD		"& "		bne	L0D52
0D75 : CE 00 A4		"   "		ldx	#$00A4
0D78 : BD 05 E7		"   "		jsr	L05E7
0D7B : 20 D5		"  "		bra	L0D52
0D7D				L0D7D:
0D7D : 7E 05 C0		"~  "		jmp	L05C0
				;
0D80				L0D80:
0D80 : BD 05 CF		"   "		jsr	L05CF
0D83 : 96 2B		" +"		ldaa	X002B
0D85 : D6 2A		" *"		ldab	X002A
0D87 : 27 06		"' "		beq	L0D8F
0D89 : 86 D2		"  "		ldaa	#$D2
0D8B : BD 05 ED		"   "		jsr	L05ED
0D8E : 4F		"O"		clra
0D8F				L0D8F:
0D8F : 97 38		" 8"		staa	X0038
0D91 : 39		"9"		rts
0D92 : 7E 05 C3		"~  "		jmp	L05C3
				;
0D95				L0D95:
0D95 : 96 33		" 3"		ldaa	X0033
0D97 : 27 30		"'0"		beq	L0DC9
0D99 : 86 FF		"  "		ldaa	#$FF
0D9B : 97 33		" 3"		staa	X0033
0D9D : CE 05 84		"   "		ldx	#$0584
0DA0 : 86 20		"  "		ldaa	#$20
0DA2				L0DA2:
0DA2 : A7 00		"  "		staa	$00,x
0DA4 : 08		" "		inx
0DA5 : 8C 05 8C		"   "		cpx	#$058C
0DA8 : 26 F8		"& "		bne	L0DA2
0DAA : BD 05 E1		"   "		jsr	L05E1
0DAD : CE 05 84		"   "		ldx	#$0584
0DB0				L0DB0:
0DB0 : 81 0D		"  "		cmpa	#$0D
0DB2 : 27 15		"' "		beq	L0DC9
0DB4 : 81 20		"  "		cmpa	#$20
0DB6 : 2D 04		"- "		blt	L0DBC
0DB8 : 81 61		" a"		cmpa	#$61
0DBA : 2D 02		"- "		blt	L0DBE
0DBC				L0DBC:
0DBC : 86 20		"  "		ldaa	#$20
0DBE				L0DBE:
0DBE : A7 00		"  "		staa	$00,x
0DC0 : BD 05 DE		"   "		jsr	L05DE
0DC3 : 08		" "		inx
0DC4 : 8C 05 8C		"   "		cpx	#$058C
0DC7 : 26 E7		"& "		bne	L0DB0
0DC9				L0DC9:
0DC9 : C6 C0		"  "		ldab	#$C0
0DCB : BD 05 DB		"   "		jsr	L05DB
0DCE : 7E 05 C3		"~  "		jmp	L05C3
				;
0DD1				L0DD1:
0DD1 : 7F 00 61		"  a"		clr	X0061
0DD4 : C6 FF		"  "		ldab	#$FF
0DD6 : BD 05 E1		"   "		jsr	L05E1
0DD9				L0DD9:
0DD9 : 81 4E		" N"		cmpa	#$4E
0DDB : 26 0C		"& "		bne	L0DE9
0DDD : D7 61		" a"		stab	X0061
0DDF : BD 05 DE		"   "		jsr	L05DE
0DE2 : 81 4F		" O"		cmpa	#$4F
0DE4 : 26 63		"&c"		bne	L0E49
0DE6 : BD 05 DE		"   "		jsr	L05DE
0DE9				L0DE9:
0DE9 : 81 4F		" O"		cmpa	#$4F
0DEB : 26 0C		"& "		bne	L0DF9
0DED : 7F 00 44		"  D"		clr	X0044
0DF0 : 7D 00 61		"} a"		tst	X0061
0DF3 : 26 5B		"&["		bne	L0E50
0DF5 : D7 44		" D"		stab	X0044
0DF7 : 20 57		" W"		bra	L0E50
				;
0DF9				L0DF9:
0DF9 : 81 4D		" M"		cmpa	#$4D
0DFB : 26 0C		"& "		bne	L0E09
0DFD : 7F 00 40		"  @"		clr	X0040
0E00 : 7D 00 61		"} a"		tst	X0061
0E03 : 26 4B		"&K"		bne	L0E50
0E05 : D7 40		" @"		stab	X0040
0E07 : 20 47		" G"		bra	L0E50
				;
0E09				L0E09:
0E09 : 81 4C		" L"		cmpa	#$4C
0E0B : 26 0C		"& "		bne	L0E19
0E0D : 7F 00 42		"  B"		clr	X0042
0E10 : 7D 00 61		"} a"		tst	X0061
0E13 : 27 3B		"';"		beq	L0E50
0E15 : D7 42		" B"		stab	X0042
0E17 : 20 37		" 7"		bra	L0E50
				;
0E19				L0E19:
0E19 : 81 47		" G"		cmpa	#$47
0E1B : 26 0C		"& "		bne	L0E29
0E1D : 7F 00 41		"  A"		clr	X0041
0E20 : 7D 00 61		"} a"		tst	X0061
0E23 : 27 2B		"'+"		beq	L0E50
0E25 : D7 41		" A"		stab	X0041
0E27 : 20 27		" '"		bra	L0E50
				;
0E29				L0E29:
0E29 : 81 53		" S"		cmpa	#$53
0E2B : 26 0C		"& "		bne	L0E39
0E2D : 7F 00 45		"  E"		clr	X0045
0E30 : 7D 00 61		"} a"		tst	X0061
0E33 : 26 1B		"& "		bne	L0E50
0E35 : D7 45		" E"		stab	X0045
0E37 : 20 17		"  "		bra	L0E50
				;
0E39				L0E39:
0E39 : 81 50		" P"		cmpa	#$50
0E3B : 26 0C		"& "		bne	L0E49
0E3D : 7F 00 43		"  C"		clr	X0043
0E40 : 7D 00 61		"} a"		tst	X0061
0E43 : 27 0B		"' "		beq	L0E50
0E45 : D7 43		" C"		stab	X0043
0E47 : 20 07		"  "		bra	L0E50
				;
0E49				L0E49:
0E49 : 86 D9		"  "		ldaa	#$D9
0E4B : BD 05 ED		"   "		jsr	L05ED
0E4E : 20 14		"  "		bra	L0E64
				;
0E50				L0E50:
0E50 : BD 05 DE		"   "		jsr	L05DE
0E53 : 81 0D		"  "		cmpa	#$0D
0E55 : 27 0D		"' "		beq	L0E64
0E57 : 81 2C		" ,"		cmpa	#$2C
0E59 : 26 F5		"& "		bne	L0E50
0E5B : 7F 00 61		"  a"		clr	X0061
0E5E : BD 05 DE		"   "		jsr	L05DE
0E61 : 7E 0D D9		"~  "		jmp	L0DD9
				;
0E64				L0E64:
0E64 : C6 C0		"  "		ldab	#$C0
0E66 : BD 05 DB		"   "		jsr	L05DB
0E69 : 7E 05 C3		"~  "		jmp	L05C3
				;
0E6C				L0E6C:
0E6C : BD 05 CF		"   "		jsr	L05CF
0E6F : DE 2A		" *"		ldx	X002A
0E71 : DF 2E		" ."		stx	X002E
0E73 : DF 47		" G"		stx	X0047
0E75 : C6 C1		"  "		ldab	#$C1
0E77 : BD 05 DB		"   "		jsr	L05DB
0E7A : 7E 05 C3		"~  "		jmp	L05C3
				;
0E7D				L0E7D:
0E7D : BD 05 DE		"   "		jsr	L05DE
0E80 : 81 45		" E"		cmpa	#$45
0E82 : 27 07		"' "		beq	L0E8B
0E84 : 86 CA		"  "		ldaa	#$CA
0E86 : BD 05 ED		"   "		jsr	L05ED
0E89 : 20 23		" #"		bra	L0EAE
				;
0E8B				L0E8B:
0E8B : CE 00 A4		"   "		ldx	#$00A4
0E8E : 86 0A		"  "		ldaa	#$0A
0E90 : D6 39		" 9"		ldab	X0039
0E92 : 5C		"\"		incb
0E93 : 26 03		"& "		bne	L0E98
0E95 : 7E 05 C0		"~  "		jmp	L05C0
				;
0E98				L0E98:
0E98 : 5C		"\"		incb
0E99 : 27 05		"' "		beq	L0EA0
0E9B : A7 00		"  "		staa	$00,x
0E9D : 08		" "		inx
0E9E : 20 F8		"  "		bra	L0E98
				;
0EA0				L0EA0:
0EA0 : A7 02		"  "		staa	$02,x
0EA2 : 86 0D		"  "		ldaa	#$0D
0EA4 : A7 01		"  "		staa	$01,x
0EA6 : 86 04		"  "		ldaa	#$04
0EA8 : A7 03		"  "		staa	$03,x
0EAA : 86 FE		"  "		ldaa	#$FE
0EAC : 97 39		" 9"		staa	X0039
0EAE				L0EAE:
0EAE : 7E 05 C3		"~  "		jmp	L05C3
				;
0EB1				L0EB1:
0EB1 : BD 05 CF		"   "		jsr	L05CF
0EB4 : DE 2A		" *"		ldx	X002A
0EB6 : DF 2E		" ."		stx	X002E
0EB8 : C6 F1		"  "		ldab	#$F1
0EBA : BD 05 DB		"   "		jsr	L05DB
0EBD : 96 2A		" *"		ldaa	X002A
0EBF : D6 2B		" +"		ldab	X002B
0EC1 : DB 48		" H"		addb	X0048
0EC3 : 99 47		" G"		adca	X0047
0EC5 : 97 47		" G"		staa	X0047
0EC7 : D7 48		" H"		stab	X0048
0EC9 : 7E 05 C3		"~  "		jmp	L05C3
				;
0ECC				L0ECC:
0ECC : BD 05 CF		"   "		jsr	L05CF
0ECF : DE 2A		" *"		ldx	X002A
0ED1				L0ED1:
0ED1 : 96 39		" 9"		ldaa	X0039
0ED3 : 81 FF		"  "		cmpa	#$FF
0ED5 : 27 12		"' "		beq	L0EE9
0ED7 : DE 2A		" *"		ldx	X002A
0ED9 : 8C 00 00		"   "		cpx	#$0000
0EDC : 27 0B		"' "		beq	L0EE9
0EDE : 09		" "		dex
0EDF : DF 2A		" *"		stx	X002A
0EE1 : CE 06 3F		"  ?"		ldx	#$063F
0EE4 : BD 05 E7		"   "		jsr	L05E7
0EE7 : 20 E8		"  "		bra	L0ED1
0EE9				L0EE9:
0EE9 : 7E 05 C0		"~  "		jmp	L05C0
				;
0EEC				L0EEC:
0EEC : CE 00 00		"   "		ldx	#$0000
0EEF : DF 2E		" ."		stx	X002E
0EF1 : 7F 00 32		"  2"		clr	X0032
0EF4 : D6 37		" 7"		ldab	X0037
0EF6 : C5 20		"  "		bitb	#$20
0EF8 : 27 4F		"'O"		beq	L0F49
0EFA : 86 02		"  "		ldaa	#$02
0EFC : 97 20		"  "		staa	X0020
0EFE : BD 05 CF		"   "		jsr	L05CF
0F01 : DE 2A		" *"		ldx	X002A
0F03 : DF 2E		" ."		stx	X002E
0F05 : 9C 47		" G"		cpx	X0047
0F07 : 26 06		"& "		bne	L0F0F
0F09				L0F09:
0F09 : 86 FE		"  "		ldaa	#$FE
0F0B : 97 2F		" /"		staa	X002F
0F0D : 20 30		" 0"		bra	L0F3F
				;
0F0F				L0F0F:
0F0F : DE 47		" G"		ldx	X0047
0F11 : 08		" "		inx
0F12 : 08		" "		inx
0F13 : DF 2A		" *"		stx	X002A
0F15 : 96 2A		" *"		ldaa	X002A
0F17 : D6 2B		" +"		ldab	X002B
0F19 : D0 2F		" /"		subb	X002F
0F1B : 27 13		"' "		beq	L0F30
0F1D : 92 2E		" ."		sbca	X002E
0F1F : 24 14		"$ "		bcc	L0F35
0F21 : 96 2E		" ."		ldaa	X002E
0F23 : D6 2F		" /"		ldab	X002F
0F25 : D0 2B		" +"		subb	X002B
0F27 : 92 2A		" *"		sbca	X002A
0F29 : 4D		"M"		tsta
0F2A : 26 16		"& "		bne	L0F42
0F2C : C1 80		"  "		cmpb	#$80
0F2E : 2A 12		"* "		bpl	L0F42
0F30				L0F30:
0F30 : D7 2F		" /"		stab	X002F
0F32 : C6 E7		"  "		ldab	#$E7
0F34 : 39		"9"		rts
				;
0F35				L0F35:
0F35 : 4D		"M"		tsta
0F36 : 26 0A		"& "		bne	L0F42
0F38 : C1 81		"  "		cmpb	#$81
0F3A : 2A 06		"* "		bpl	L0F42
0F3C : 50		"P"		negb
0F3D : D7 2F		" /"		stab	X002F
0F3F				L0F3F:
0F3F : C6 E7		"  "		ldab	#$E7
0F41 : 39		"9"		rts
				;
0F42				L0F42:
0F42 : 86 D0		"  "		ldaa	#$D0
0F44 : BD 05 ED		"   "		jsr	L05ED
0F47 : 20 C0		"  "		bra	L0F09
				;
0F49				L0F49:
0F49 : BD 05 E1		"   "		jsr	L05E1
0F4C : 97 60		" `"		staa	X0060
0F4E : BD 05 DE		"   "		jsr	L05DE
0F51 : 97 61		" a"		staa	X0061
0F53 : D6 37		" 7"		ldab	X0037
0F55 : C5 04		"  "		bitb	#$04
0F57 : 26 03		"& "		bne	L0F5C
0F59 : 7E 10 60		"~ `"		jmp	L1060
				;
0F5C				L0F5C:
0F5C : 81 20		"  "		cmpa	#$20
0F5E : 26 5D		"&]"		bne	L0FBD
0F60 : 96 60		" `"		ldaa	X0060
0F62 : 81 41		" A"		cmpa	#$41
0F64 : 27 0A		"' "		beq	L0F70
0F66 : 81 42		" B"		cmpa	#$42
0F68 : 26 53		"&S"		bne	L0FBD
0F6A : D6 38		" 8"		ldab	X0038
0F6C : CA 40		" @"		orab	#$40
0F6E : D7 38		" 8"		stab	X0038
0F70				L0F70:
0F70 : DE 34		" 4"		ldx	X0034
0F72 : DF 59		" Y"		stx	X0059
0F74 : 97 C2		"  "		staa	X00C2
0F76 : BD 05 E1		"   "		jsr	L05E1
0F79 : 97 60		" `"		staa	X0060
0F7B : BD 05 DE		"   "		jsr	L05DE
0F7E : 97 61		" a"		staa	X0061
0F80 : 96 60		" `"		ldaa	X0060
0F82 : 81 23		" #"		cmpa	#$23
0F84 : 27 03		"' "		beq	L0F89
0F86 : 7E 10 60		"~ `"		jmp	L1060
				;
0F89				L0F89:
0F89 : BD 05 C9		"   "		jsr	L05C9
0F8C : 96 37		" 7"		ldaa	X0037
0F8E : 85 80		"  "		bita	#$80
0F90 : 27 2B		"'+"		beq	L0FBD
0F92 : BD 05 CF		"   "		jsr	L05CF
0F95 : DE 2A		" *"		ldx	X002A
0F97 : DF 2E		" ."		stx	X002E
0F99 : BD 05 C9		"   "		jsr	L05C9
0F9C : BD 05 DE		"   "		jsr	L05DE
0F9F : 81 2C		" ,"		cmpa	#$2C
0FA1 : 27 1A		"' "		beq	L0FBD
0FA3 : 96 37		" 7"		ldaa	X0037
0FA5 : 85 04		"  "		bita	#$04
0FA7 : 27 22		"'""		beq	L0FCB
0FA9 : 86 02		"  "		ldaa	#$02
0FAB : 97 20		"  "		staa	X0020
0FAD : C6 E7		"  "		ldab	#$E7
0FAF : D7 58		" X"		stab	X0058
0FB1 : D6 2E		" ."		ldab	X002E
0FB3 : 27 05		"' "		beq	L0FBA
0FB5 : 86 D2		"  "		ldaa	#$D2
0FB7 : BD 05 ED		"   "		jsr	L05ED
0FBA				L0FBA:
0FBA : D6 58		" X"		ldab	X0058
0FBC : 39		"9"		rts
				;
0FBD				L0FBD:
0FBD : 86 D1		"  "		ldaa	#$D1
0FBF : BD 05 ED		"   "		jsr	L05ED
0FC2 : 7F 00 38		"  8"		clr	X0038
0FC5 : 7F 00 2E		"  ."		clr	X002E
0FC8 : 7F 00 2F		"  /"		clr	X002F
0FCB				L0FCB:
0FCB : 86 03		"  "		ldaa	#$03
0FCD : 97 20		"  "		staa	X0020
0FCF : C6 EB		"  "		ldab	#$EB
0FD1 : 39		"9"		rts
				;
0FD2				L0FD2:
0FD2 : DE 59		" Y"		ldx	X0059
0FD4 : DF 34		" 4"		stx	X0034
0FD6 : BD 05 CF		"   "		jsr	L05CF
0FD9 : DE 2A		" *"		ldx	X002A
0FDB : DF 2E		" ."		stx	X002E
0FDD : BD 05 C9		"   "		jsr	L05C9
0FE0 : BD 05 DE		"   "		jsr	L05DE
0FE3 : 81 2C		" ,"		cmpa	#$2C
0FE5 : 26 48		"&H"		bne	L102F
0FE7 : BD 05 DE		"   "		jsr	L05DE
0FEA				L0FEA:
0FEA : 81 58		" X"		cmpa	#$58
0FEC : 26 CF		"& "		bne	L0FBD
0FEE : BD 05 DE		"   "		jsr	L05DE
0FF1 : 81 20		"  "		cmpa	#$20
0FF3 : 27 04		"' "		beq	L0FF9
0FF5 : 81 0D		"  "		cmpa	#$0D
0FF7 : 26 C4		"& "		bne	L0FBD
0FF9				L0FF9:
0FF9 : 96 37		" 7"		ldaa	X0037
0FFB : 85 40		" @"		bita	#$40
0FFD : 27 BE		"' "		beq	L0FBD
0FFF : 7D 00 2E		"} ."		tst	X002E
1002 : 27 05		"' "		beq	L1009
1004 : 86 D2		"  "		ldaa	#$D2
1006 : BD 05 ED		"   "		jsr	L05ED
1009				L1009:
1009 : 86 02		"  "		ldaa	#$02
100B : 97 20		"  "		staa	X0020
100D : 96 38		" 8"		ldaa	X0038
100F : 8A 20		"  "		oraa	#$20
1011 : 97 38		" 8"		staa	X0038
1013 : C6 E7		"  "		ldab	#$E7
1015 : 39		"9"		rts
				;
1016				L1016:
1016 : 81 58		" X"		cmpa	#$58
1018 : 26 11		"& "		bne	L102B
101A : 96 60		" `"		ldaa	X0060
101C : 81 2C		" ,"		cmpa	#$2C
101E : 27 07		"' "		beq	L1027
1020				L1020:
1020 : 81 23		" #"		cmpa	#$23
1022 : 26 AE		"& "		bne	L0FD2
1024 : 7E 0F 89		"~  "		jmp	L0F89
				;
1027				L1027:
1027 : 96 61		" a"		ldaa	X0061
1029 : 20 BF		"  "		bra	L0FEA
				;
102B				L102B:
102B : 96 60		" `"		ldaa	X0060
102D : 20 F1		"  "		bra	L1020
				;
102F				L102F:
102F : 96 32		" 2"		ldaa	X0032
1031 : 26 17		"& "		bne	L104A
1033 : 96 2E		" ."		ldaa	X002E
1035 : 26 13		"& "		bne	L104A
1037 : 96 37		" 7"		ldaa	X0037
1039 : 85 10		"  "		bita	#$10
103B : 27 0D		"' "		beq	L104A
103D : 96 38		" 8"		ldaa	X0038
103F : 8A 10		"  "		oraa	#$10
1041 : 97 38		" 8"		staa	X0038
1043 : 86 02		"  "		ldaa	#$02
1045 : 97 20		"  "		staa	X0020
1047 : C6 E7		"  "		ldab	#$E7
1049 : 39		"9"		rts
				;
104A				L104A:
104A : D6 37		" 7"		ldab	X0037
104C : C5 18		"  "		bitb	#$18
104E : 26 03		"& "		bne	L1053
1050 : 7E 0F BD		"~  "		jmp	L0FBD
				;
1053				L1053:
1053 : 96 38		" 8"		ldaa	X0038
1055 : 8A 30		" 0"		oraa	#$30
1057 : 97 38		" 8"		staa	X0038
1059 : 86 03		"  "		ldaa	#$03
105B : 97 20		"  "		staa	X0020
105D : C6 EB		"  "		ldab	#$EB
105F : 39		"9"		rts
				;
1060				L1060:
1060 : 96 61		" a"		ldaa	X0061
1062 : 81 20		"  "		cmpa	#$20
1064 : 27 04		"' "		beq	L106A
1066 : 81 0D		"  "		cmpa	#$0D
1068 : 26 AC		"& "		bne	L1016
106A				L106A:
106A : 96 60		" `"		ldaa	X0060
106C : 81 41		" A"		cmpa	#$41
106E : 27 18		"' "		beq	L1088
1070 : 81 42		" B"		cmpa	#$42
1072 : 26 2A		"&*"		bne	L109E
1074 : D6 37		" 7"		ldab	X0037
1076 : C1 02		"  "		cmpb	#$02
1078 : 26 08		"& "		bne	L1082
107A : D6 38		" 8"		ldab	X0038
107C : CA 01		"  "		orab	#$01
107E : D7 38		" 8"		stab	X0038
1080 : 20 06		"  "		bra	L1088
				;
1082				L1082:
1082 : D6 38		" 8"		ldab	X0038
1084 : CA 10		"  "		orab	#$10
1086 : D7 38		" 8"		stab	X0038
1088				L1088:
1088 : 97 C2		"  "		staa	X00C2
108A : DE 34		" 4"		ldx	X0034
108C : DF 59		" Y"		stx	X0059
108E : 96 37		" 7"		ldaa	X0037
1090 : 85 02		"  "		bita	#$02
1092 : 26 03		"& "		bne	L1097
1094 : 7E 0F BD		"~  "		jmp	L0FBD
				;
1097				L1097:
1097 : 86 01		"  "		ldaa	#$01
1099 : 97 20		"  "		staa	X0020
109B : C6 A3		"  "		ldab	#$A3
109D : 39		"9"		rts
				;
109E				L109E:
109E : 81 58		" X"		cmpa	#$58
10A0 : 26 03		"& "		bne	L10A5
10A2 : 7E 0F F9		"~  "		jmp	L0FF9
10A5				L10A5:
10A5 : 7E 0F D2		"~  "		jmp	L0FD2
				;
10A8				L10A8:
10A8 : CE 00 00		"   "		ldx	#$0000
10AB : DF 2A		" *"		stx	X002A
10AD : 86 2B		" +"		ldaa	#$2B
10AF : 97 28		" ("		staa	X0028
10B1 : 7F 00 29		"  )"		clr	X0029
10B4 : BD 05 E1		"   "		jsr	L05E1
10B7 : 81 2A		" *"		cmpa	#$2A
10B9 : 27 4B		"'K"		beq	L1106
10BB : BD 05 C9		"   "		jsr	L05C9
10BE : BD 05 DE		"   "		jsr	L05DE
10C1 : 81 0D		"  "		cmpa	#$0D
10C3 : 27 35		"'5"		beq	L10FA
10C5 : 81 20		"  "		cmpa	#$20
10C7 : 27 31		"'1"		beq	L10FA
10C9 : 81 2C		" ,"		cmpa	#$2C
10CB : 27 2D		"'-"		beq	L10FA
10CD				L10CD:
10CD : BD 05 C9		"   "		jsr	L05C9
10D0				L10D0:
10D0 : BD 05 DE		"   "		jsr	L05DE
10D3 : 81 0D		"  "		cmpa	#$0D
10D5 : 27 22		"'""		beq	L10F9
10D7 : 81 20		"  "		cmpa	#$20
10D9 : 27 1E		"' "		beq	L10F9
10DB : 81 2C		" ,"		cmpa	#$2C
10DD : 27 1A		"' "		beq	L10F9
10DF : 81 2B		" +"		cmpa	#$2B
10E1 : 27 1F		"' "		beq	L1102
10E3 : 81 2D		" -"		cmpa	#$2D
10E5 : 27 1B		"' "		beq	L1102
10E7 : 81 2F		" /"		cmpa	#$2F
10E9 : 27 17		"' "		beq	L1102
10EB : 81 2A		" *"		cmpa	#$2A
10ED : 26 17		"& "		bne	L1106
10EF : 7D 00 29		"} )"		tst	X0029
10F2 : 27 0E		"' "		beq	L1102
10F4				L10F4:
10F4 : 86 CC		"  "		ldaa	#$CC
10F6 : BD 05 ED		"   "		jsr	L05ED
10F9				L10F9:
10F9 : 39		"9"		rts
				;
10FA				L10FA:
10FA : D6 36		" 6"		ldab	X0036
10FC : C5 08		"  "		bitb	#$08
10FE : 27 F4		"' "		beq	L10F4
1100 : 20 F7		"  "		bra	L10F9
				;
1102				L1102:
1102 : 97 28		" ("		staa	X0028
1104 : 20 CA		"  "		bra	L10D0
				;
1106				L1106:
1106 : BD 05 C9		"   "		jsr	L05C9
1109 : BD 05 D2		"   "		jsr	L05D2
110C : 96 28		" ("		ldaa	X0028
110E : 81 2B		" +"		cmpa	#$2B
1110 : 27 0E		"' "		beq	L1120
1112 : 81 2D		" -"		cmpa	#$2D
1114 : 27 19		"' "		beq	L112F
1116 : 81 2A		" *"		cmpa	#$2A
1118 : 27 1F		"' "		beq	L1139
111A : 81 2F		" /"		cmpa	#$2F
111C : 27 27		"''"		beq	L1145
111E				L111E:
111E : 20 FE		"  "		bra	L111E
				;
1120				L1120:
1120 : 96 2A		" *"		ldaa	X002A
1122 : D6 2B		" +"		ldab	X002B
1124 : DB 2D		" -"		addb	X002D
1126 : 99 2C		" ,"		adca	X002C
1128				L1128:
1128 : 97 2A		" *"		staa	X002A
112A : D7 2B		" +"		stab	X002B
112C : 7E 10 CD		"~  "		jmp	L10CD
				;
112F				L112F:
112F : 96 2A		" *"		ldaa	X002A
1131 : D6 2B		" +"		ldab	X002B
1133 : D0 2D		" -"		subb	X002D
1135 : 92 2C		" ,"		sbca	X002C
1137 : 20 EF		"  "		bra	L1128
				;
1139				L1139:
1139 : 96 2A		" *"		ldaa	X002A
113B : D6 2B		" +"		ldab	X002B
113D : CE 00 2C		"  ,"		ldx	#$002C
1140 : BD 05 E4		"   "		jsr	L05E4
1143 : 20 E3		"  "		bra	L1128
				;
1145				L1145:
1145 : 96 2A		" *"		ldaa	X002A
1147 : D6 2B		" +"		ldab	X002B
1149 : CE 00 2C		"  ,"		ldx	#$002C
114C : BD 05 CC		"   "		jsr	L05CC
114F : 20 D7		"  "		bra	L1128
				;
1151				L1151:
1151 : 7F 00 2C		"  ,"		clr	X002C
1154 : 7F 00 2D		"  -"		clr	X002D
1157 : DE 34		" 4"		ldx	X0034
1159 : DF 81		"  "		stx	X0081
115B : BD 05 DE		"   "		jsr	L05DE
115E : 81 2A		" *"		cmpa	#$2A
1160 : 26 05		"& "		bne	L1167
1162 : DE 47		" G"		ldx	X0047
1164 : DF 2C		" ,"		stx	X002C
1166 : 39		"9"		rts
				;
1167				L1167:
1167 : 81 27		" '"		cmpa	#$27
1169 : 26 1A		"& "		bne	L1185
116B : BD 05 DE		"   "		jsr	L05DE
116E : 97 2B		" +"		staa	X002B
1170 : 7F 00 2A		"  *"		clr	X002A
1173 : BD 05 DE		"   "		jsr	L05DE
1176 : BD 12 BB		"   "		jsr	L12BB
1179 : 27 03		"' "		beq	L117E
117B : 7E 12 03		"~  "		jmp	L1203
				;
117E				L117E:
117E : 86 CC		"  "		ldaa	#$CC
1180 : BD 05 ED		"   "		jsr	L05ED
1183 : 20 7E		" ~"		bra	L1203
				;
1185				L1185:
1185 : CE 00 2C		"  ,"		ldx	#$002C
1188 : 81 24		" $"		cmpa	#$24
118A : 27 5B		"'["		beq	L11E7
118C : 81 40		" @"		cmpa	#$40
118E : 27 74		"'t"		beq	L1204
1190 : 81 25		" %"		cmpa	#$25
1192 : 26 03		"& "		bne	L1197
1194 : 7E 12 2B		"~ +"		jmp	L122B
				;
1197				L1197:
1197 : 81 30		" 0"		cmpa	#$30
1199 : 2D 07		"- "		blt	L11A2
119B : 81 39		" 9"		cmpa	#$39
119D : 2E 03		". "		bgt	L11A2
119F : 7E 12 87		"~  "		jmp	L1287
				;
11A2				L11A2:
11A2 : 97 9C		"  "		staa	X009C
11A4 : CE 00 9C		"   "		ldx	#$009C
11A7 : C6 20		"  "		ldab	#$20
11A9				L11A9:
11A9 : E7 00		"  "		stab	$00,x
11AB : 08		" "		inx
11AC : 8C 00 A2		"   "		cpx	#$00A2
11AF : 26 F8		"& "		bne	L11A9
11B1 : CE 00 9C		"   "		ldx	#$009C
11B4 : 20 10		"  "		bra	L11C6
				;
11B6				L11B6:
11B6 : BD 05 DE		"   "		jsr	L05DE
11B9 : BD 12 BB		"   "		jsr	L12BB
11BC : 26 1F		"& "		bne	L11DD
11BE : 81 30		" 0"		cmpa	#$30
11C0 : 2D 04		"- "		blt	L11C6
11C2 : 81 3A		" :"		cmpa	#$3A
11C4 : 2D 0D		"- "		blt	L11D3
11C6				L11C6:
11C6 : 81 41		" A"		cmpa	#$41
11C8 : 2D 04		"- "		blt	L11CE
11CA : 81 5A		" Z"		cmpa	#$5A
11CC : 2F 05		"/ "		ble	L11D3
11CE				L11CE:
11CE : 86 CC		"  "		ldaa	#$CC
11D0 : BD 05 ED		"   "		jsr	L05ED
11D3				L11D3:
11D3 : 8C 00 A2		"   "		cpx	#$00A2
11D6 : 27 DE		"' "		beq	L11B6
11D8 : A7 00		"  "		staa	$00,x
11DA : 08		" "		inx
11DB : 20 D9		"  "		bra	L11B6
				;
11DD				L11DD:
11DD : C6 00		"  "		ldab	#$00
11DF : BD 05 F3		"   "		jsr	L05F3
11E2 : DE 70		" p"		ldx	X0070
11E4 : DF 2C		" ,"		stx	X002C
11E6 : 39		"9"		rts
				;
11E7				L11E7:
11E7 : 6F 00		"o "		clr	$00,x
11E9 : 6F 01		"o "		clr	$01,x
11EB				L11EB:
11EB : BD 05 DE		"   "		jsr	L05DE
11EE : BD 15 E2		"   "		jsr	L15E2
11F1 : 2B 09		"+ "		bmi	L11FC
11F3 : BD 12 AA		"   "		jsr	L12AA
11F6 : AB 01		"  "		adda	$01,x
11F8 : A7 01		"  "		staa	$01,x
11FA : 20 EF		"  "		bra	L11EB
				;
11FC				L11FC:
11FC : 81 48		" H"		cmpa	#$48
11FE : 26 03		"& "		bne	L1203
1200 : BD 05 DE		"   "		jsr	L05DE
1203				L1203:
1203 : 39		"9"		rts
				;
1204				L1204:
1204 : 6F 00		"o "		clr	$00,x
1206 : 6F 01		"o "		clr	$01,x
1208				L1208:
1208 : BD 05 DE		"   "		jsr	L05DE
120B : 81 30		" 0"		cmpa	#$30
120D : 2D 0F		"- "		blt	L121E
120F : 81 38		" 8"		cmpa	#$38
1211 : 2A 0B		"* "		bpl	L121E
1213 : 84 07		"  "		anda	#$07
1215 : BD 12 AE		"   "		jsr	L12AE
1218 : AB 01		"  "		adda	$01,x
121A : A7 01		"  "		staa	$01,x
121C : 20 EA		"  "		bra	L1208
				;
121E				L121E:
121E : 81 4F		" O"		cmpa	#$4F
1220 : 27 04		"' "		beq	L1226
1222 : 81 51		" Q"		cmpa	#$51
1224 : 26 24		"&$"		bne	L124A
1226				L1226:
1226 : BD 05 DE		"   "		jsr	L05DE
1229 : 20 D8		"  "		bra	L1203
				;
122B				L122B:
122B : 6F 00		"o "		clr	$00,x
122D : 6F 01		"o "		clr	$01,x
122F				L122F:
122F : BD 05 DE		"   "		jsr	L05DE
1232 : 81 30		" 0"		cmpa	#$30
1234 : 27 04		"' "		beq	L123A
1236 : 81 31		" 1"		cmpa	#$31
1238 : 26 07		"& "		bne	L1241
123A				L123A:
123A : 46		"F"		rora
123B : 69 01		"i "		rol	$01,x
123D : 69 00		"i "		rol	$00,x
123F : 20 EE		"  "		bra	L122F
				;
1241				L1241:
1241 : 81 42		" B"		cmpa	#$42
1243 : 26 05		"& "		bne	L124A
1245 : BD 05 DE		"   "		jsr	L05DE
1248 : 20 B9		"  "		bra	L1203
				;
124A				L124A:
124A : BD 12 BB		"   "		jsr	L12BB
124D : 26 05		"& "		bne	L1254
124F : 86 D8		"  "		ldaa	#$D8
1251 : BD 05 ED		"   "		jsr	L05ED
1254				L1254:
1254 : 39		"9"		rts
				;
1255				L1255:
1255 : BD 05 DE		"   "		jsr	L05DE
1258				L1258:
1258 : BD 12 BB		"   "		jsr	L12BB
125B : 27 F8		"' "		beq	L1255
125D : DE 34		" 4"		ldx	X0034
125F : DF 7F		"  "		stx	X007F
1261 : 09		" "		dex
1262 : 09		" "		dex
1263 : A6 00		"  "		ldaa	$00,x
1265 : DE 81		"  "		ldx	X0081
1267 : DF 34		" 4"		stx	X0034
1269 : CE 00 2C		"  ,"		ldx	#$002C
126C : 81 4F		" O"		cmpa	#$4F
126E : 27 94		"' "		beq	L1204
1270 : 81 51		" Q"		cmpa	#$51
1272 : 27 90		"' "		beq	L1204
1274 : 81 48		" H"		cmpa	#$48
1276 : 26 03		"& "		bne	L127B
1278 : 7E 11 E7		"~  "		jmp	L11E7
				;
127B				L127B:
127B : 81 42		" B"		cmpa	#$42
127D : 27 AC		"' "		beq	L122B
127F : DE 7F		"  "		ldx	X007F
1281 : DF 34		" 4"		stx	X0034
1283 : 39		"9"		rts
				;
1284				L1284:
1284 : BD 05 DE		"   "		jsr	L05DE
1287				L1287:
1287 : 81 30		" 0"		cmpa	#$30
1289 : 2B CD		"+ "		bmi	L1258
128B : 81 39		" 9"		cmpa	#$39
128D : 2E C9		". "		bgt	L1258
128F : 84 0F		"  "		anda	#$0F
1291 : 97 83		"  "		staa	X0083
1293 : A6 00		"  "		ldaa	$00,x
1295 : E6 01		"  "		ldab	$01,x
1297 : 58		"X"		aslb
1298 : 49		"I"		rola
1299 : BD 12 AE		"   "		jsr	L12AE
129C : EB 01		"  "		addb	$01,x
129E : A9 00		"  "		adca	$00,x
12A0 : DB 83		"  "		addb	X0083
12A2 : 89 00		"  "		adca	#$00
12A4 : A7 00		"  "		staa	$00,x
12A6 : E7 01		"  "		stab	$01,x
12A8 : 20 DA		"  "		bra	L1284
				;
12AA				L12AA:
12AA : 68 01		"h "		asl	$01,x
12AC : 69 00		"i "		rol	$00,x
12AE				L12AE:
12AE : 68 01		"h "		asl	$01,x
12B0 : 69 00		"i "		rol	$00,x
12B2 : 68 01		"h "		asl	$01,x
12B4 : 69 00		"i "		rol	$00,x
12B6 : 68 01		"h "		asl	$01,x
12B8 : 69 00		"i "		rol	$00,x
12BA : 39		"9"		rts
				;
12BB				L12BB:
12BB : DF 30		" 0"		stx	X0030
12BD : CE 12 D6		"   "		ldx	#$12D6
12C0				L12C0:
12C0 : A1 00		"  "		cmpa	$00,x
12C2 : 27 0C		"' "		beq	L12D0
12C4 : 08		" "		inx
12C5 : 8C 12 DE		"   "		cpx	#$12DE
12C8 : 26 F6		"& "		bne	L12C0
12CA : DE 30		" 0"		ldx	X0030
12CC : 7D 06 42		"} B"		tst	X0642
12CF : 39		"9"		rts
				;
12D0				L12D0:
12D0 : DE 30		" 0"		ldx	X0030
12D2 : 7D 06 41		"} A"		tst	X0641
12D5 : 39		"9"		rts
				;
12D6 : 0A		" "		clv
12D7 : 0D		" "		sec
12D8 : 20 2A		" *"		bra	L1304
				;
12DA : 2B 2C		"+,"		bmi	L1308
12DC : 2D 2F		"-/"		blt	L130D
12DE				L12DE:
12DE : D7 76		" v"		stab	X0076
12E0 : CE 16 28		"  ("		ldx	#$1628
12E3 : 7D 16 40		"} @"		tst	X1640
12E6 : 26 03		"& "		bne	L12EB
12E8 : CE 1D 30		"  0"		ldx	#$1D30
12EB				L12EB:
12EB : DF 79		" y"		stx	X0079
12ED : 0F		" "		sei
12EE : 9F 5E		" ^"		sts	X005E
12F0 : CE 00 84		"   "		ldx	#$0084
12F3 : 8E 00 9B		"   "		lds	#$009B
12F6				L12F6:
12F6 : 32		"2"		pula
12F7 : A7 00		"  "		staa	$00,x
12F9 : 08		" "		inx
12FA : 8C 00 8A		"   "		cpx	#$008A
12FD : 26 F7		"& "		bne	L12F6
12FF : 9E 5E		" ^"		lds	X005E
1301 : 0E		" "		cli
1302 : 5D		"]"		tstb
1303 : 2B 07		"+ "		bmi	L130C
1305 : 26 09		"& "		bne	L1310
1307 : CE FF FF		"   "		ldx	#$FFFF
130A : 20 0C		"  "		bra	L1318
				;
130C				L130C:
130C : DE 2A		" *"		ldx	X002A
130E : 20 02		"  "		bra	L1312
				;
1310				L1310:
1310 : DE 47		" G"		ldx	X0047
1312				L1312:
1312 : 96 84		"  "		ldaa	X0084
1314 : 8A 80		"  "		oraa	#$80
1316 : 97 84		"  "		staa	X0084
1318				L1318:
1318 : DF 8A		"  "		stx	X008A
131A				L131A:
131A : 96 79		" y"		ldaa	X0079
131C : D6 7A		" z"		ldab	X007A
131E : D0 7C		" |"		subb	X007C
1320 : 92 7B		" {"		sbca	X007B
1322 : 25 03		"% "		bcs	L1327
1324 : 7E 13 B6		"~  "		jmp	L13B6
				;
1327				L1327:
1327 : BD 13 FC		"   "		jsr	L13FC
132A : CE 00 84		"   "		ldx	#$0084
132D				L132D:
132D : A6 00		"  "		ldaa	$00,x
132F : A0 08		"  "		suba	$08,x
1331 : 84 7F		"  "		anda	#$7F
1333 : 27 05		"' "		beq	L133A
1335 : BD 13 F1		"   "		jsr	L13F1
1338 : 20 E0		"  "		bra	L131A
				;
133A				L133A:
133A : 08		" "		inx
133B : 8C 00 8A		"   "		cpx	#$008A
133E : 26 ED		"& "		bne	L132D
1340 : 7D 00 76		"} v"		tst	X0076
1343 : 27 41		"'A"		beq	L1386
1345 : DE 79		" y"		ldx	X0079
1347 : DF 77		" w"		stx	X0077
1349 : 7D 00 8C		"}  "		tst	X008C
134C : 2A 13		"* "		bpl	L1361
134E : DE 8A		"  "		ldx	X008A
1350 : 9C 92		"  "		cpx	X0092
1352 : 27 44		"'D"		beq	L1398
1354 : 96 8D		"  "		ldaa	X008D
1356 : 8A 80		"  "		oraa	#$80
1358 : 97 8D		"  "		staa	X008D
135A : 86 D5		"  "		ldaa	#$D5
135C : BD 05 ED		"   "		jsr	L05ED
135F : 20 34		" 4"		bra	L1395
				;
1361				L1361:
1361 : CE 00 84		"   "		ldx	#$0084
1364				L1364:
1364 : A6 00		"  "		ldaa	$00,x
1366 : A7 08		"  "		staa	$08,x
1368 : 08		" "		inx
1369 : 8C 00 8C		"   "		cpx	#$008C
136C : 26 F6		"& "		bne	L1364
136E : DE 79		" y"		ldx	X0079
1370 : DF 65		" e"		stx	X0065
1372 : DE 7B		" {"		ldx	X007B
1374 : DF 79		" y"		stx	X0079
1376 : BD 14 12		"   "		jsr	L1412
1379 : DE 65		" e"		ldx	X0065
137B				L137B:
137B : A6 08		"  "		ldaa	$08,x
137D : A7 00		"  "		staa	$00,x
137F : 08		" "		inx
1380 : 9C 7B		" {"		cpx	X007B
1382 : 26 F7		"& "		bne	L137B
1384 : 20 12		"  "		bra	L1398
				;
1386				L1386:
1386 : 7D 00 8C		"}  "		tst	X008C
1389 : 2A 20		"* "		bpl	L13AB
138B : 7D 00 8D		"}  "		tst	X008D
138E : 2A 0F		"* "		bpl	L139F
1390 : 86 CE		"  "		ldaa	#$CE
1392 : BD 05 ED		"   "		jsr	L05ED
1395				L1395:
1395 : BD 14 12		"   "		jsr	L1412
1398				L1398:
1398 : DE 92		"  "		ldx	X0092
139A : DF 70		" p"		stx	X0070
139C : 9E 5E		" ^"		lds	X005E
139E : 39		"9"		rts
				;
139F				L139F:
139F : 96 77		" w"		ldaa	X0077
13A1 : D6 78		" x"		ldab	X0078
13A3 : D0 7A		" z"		subb	X007A
13A5 : 92 79		" y"		sbca	X0079
13A7 : 25 07		"% "		bcs	L13B0
13A9 : 20 ED		"  "		bra	L1398
				;
13AB				L13AB:
13AB : 86 D3		"  "		ldaa	#$D3
13AD : BD 05 ED		"   "		jsr	L05ED
13B0				L13B0:
13B0 : 0D		" "		sec
13B1 : 79 00 32		"y 2"		rol	X0032
13B4 : 20 E2		"  "		bra	L1398
				;
13B6				L13B6:
13B6 : CE 00 84		"   "		ldx	#$0084
13B9				L13B9:
13B9 : A6 00		"  "		ldaa	$00,x
13BB : A7 08		"  "		staa	$08,x
13BD : 08		" "		inx
13BE : 8C 00 8C		"   "		cpx	#$008C
13C1 : 26 F6		"& "		bne	L13B9
13C3 : 96 7B		" {"		ldaa	X007B
13C5 : D6 7C		" |"		ldab	X007C
13C7 : D0 75		" u"		subb	X0075
13C9 : 92 74		" t"		sbca	X0074
13CB : 2A 1D		"* "		bpl	L13EA
13CD : 7D 00 76		"} v"		tst	X0076
13D0 : 26 09		"& "		bne	L13DB
13D2 : 86 D3		"  "		ldaa	#$D3
13D4 : BD 05 ED		"   "		jsr	L05ED
13D7 : 0D		" "		sec
13D8 : 79 00 32		"y 2"		rol	X0032
13DB				L13DB:
13DB : DE 7B		" {"		ldx	X007B
13DD : DF 79		" y"		stx	X0079
13DF : DF 77		" w"		stx	X0077
13E1 : BD 14 12		"   "		jsr	L1412
13E4 : DE 79		" y"		ldx	X0079
13E6 : DF 7B		" {"		stx	X007B
13E8 : 20 AE		"  "		bra	L1398
				;
13EA				L13EA:
13EA : 86 DD		"  "		ldaa	#$DD
13EC : BD 05 ED		"   "		jsr	L05ED
13EF : 20 A7		"  "		bra	L1398
				;
13F1				L13F1:
13F1 : C6 08		"  "		ldab	#$08
13F3 : DE 79		" y"		ldx	X0079
13F5				L13F5:
13F5 : 08		" "		inx
13F6 : 5A		"Z"		decb
13F7 : 26 FC		"& "		bne	L13F5
13F9 : DF 79		" y"		stx	X0079
13FB : 39		"9"		rts
				;
13FC				L13FC:
13FC : 0F		" "		sei
13FD : 9F 5C		" \"		sts	X005C
13FF : CE 00 8C		"   "		ldx	#$008C
1402 : 9E 79		" y"		lds	X0079
1404 : 34		"4"		des
1405				L1405:
1405 : 32		"2"		pula
1406 : A7 00		"  "		staa	$00,x
1408 : 08		" "		inx
1409 : 8C 00 94		"   "		cpx	#$0094
140C : 26 F7		"& "		bne	L1405
140E : 9E 5C		" \"		lds	X005C
1410 : 0E		" "		cli
1411 : 39		"9"		rts
				;
1412				L1412:
1412 : 0F		" "		sei
1413 : 9F 5C		" \"		sts	X005C
1415 : C6 08		"  "		ldab	#$08
1417 : 8E 00 8B		"   "		lds	#$008B
141A : DE 79		" y"		ldx	X0079
141C				L141C:
141C : 32		"2"		pula
141D : A7 00		"  "		staa	$00,x
141F : 08		" "		inx
1420 : 5A		"Z"		decb
1421 : 26 F9		"& "		bne	L141C
1423 : DF 79		" y"		stx	X0079
1425 : 9E 5C		" \"		lds	X005C
1427 : 0E		" "		cli
1428 : 39		"9"		rts
				;
1429				L1429:
1429 : DE 72		" r"		ldx	X0072
142B : DF 79		" y"		stx	X0079
142D				L142D:
142D : 96 79		" y"		ldaa	X0079
142F : D6 7A		" z"		ldab	X007A
1431 : D0 7C		" |"		subb	X007C
1433 : 92 7B		" {"		sbca	X007B
1435 : 24 3A		"$:"		bcc	L1471
1437 : BD 13 FC		"   "		jsr	L13FC
143A : 96 8C		"  "		ldaa	X008C
143C : 7D 00 46		"} F"		tst	X0046
143F : 27 05		"' "		beq	L1446
1441 : 4D		"M"		tsta
1442 : 2A 29		"*)"		bpl	L146D
1444 : 20 03		"  "		bra	L1449
				;
1446				L1446:
1446 : 4D		"M"		tsta
1447 : 2B 24		"+$"		bmi	L146D
1449				L1449:
1449 : 96 92		"  "		ldaa	X0092
144B : D6 93		"  "		ldab	X0093
144D : CE 00 93		"   "		ldx	#$0093
1450 : BD 05 F6		"   "		jsr	L05F6
1453 : 17		" "		tba
1454 : BD 05 F6		"   "		jsr	L05F6
1457 : 86 20		"  "		ldaa	#$20
1459 : 97 92		"  "		staa	X0092
145B : 86 0D		"  "		ldaa	#$0D
145D : A7 00		"  "		staa	$00,x
145F : 86 0A		"  "		ldaa	#$0A
1461 : A7 01		"  "		staa	$01,x
1463 : 86 04		"  "		ldaa	#$04
1465 : A7 02		"  "		staa	$02,x
1467 : CE 00 8C		"   "		ldx	#$008C
146A : BD 05 E7		"   "		jsr	L05E7
146D				L146D:
146D : 8D 82		"  "		bsr	L13F1
146F : 20 BC		"  "		bra	L142D
1471				L1471:
1471 : 39		"9"		rts
				;
1472				L1472:
1472 : 96 46		" F"		ldaa	X0046
1474 : 27 6E		"'n"		beq	L14E4
1476 : CE 00 AF		"   "		ldx	#$00AF
1479 : DF 54		" T"		stx	X0054
147B : D7 5B		" ["		stab	X005B
147D : 96 4B		" K"		ldaa	X004B
147F : 26 47		"&G"		bne	L14C8
1481 : 96 3E		" >"		ldaa	X003E
1483 : 26 43		"&C"		bne	L14C8
1485 : 96 44		" D"		ldaa	X0044
1487 : 27 3F		"'?"		beq	L14C8
1489 : BD 01 27		"  '"		jsr	L0127
148C : 86 FF		"  "		ldaa	#$FF
148E : 97 4B		" K"		staa	X004B
1490 : 86 20		"  "		ldaa	#$20
1492 : CE 16 03		"   "		ldx	#$1603
1495				L1495:
1495 : A7 00		"  "		staa	$00,x
1497 : 08		" "		inx
1498 : 8C 16 13		"   "		cpx	#$1613
149B : 26 F8		"& "		bne	L1495
149D : 0F		" "		sei
149E : CE 05 83		"   "		ldx	#$0583
14A1 : DF 6B		" k"		stx	X006B
14A3 : CE 16 03		"   "		ldx	#$1603
14A6 : 86 0B		"  "		ldaa	#$0B
14A8 : 97 53		" S"		staa	X0053
14AA				L14AA:
14AA : 9F 5C		" \"		sts	X005C
14AC : 9E 6B		" k"		lds	X006B
14AE : 32		"2"		pula
14AF : 9F 6B		" k"		sts	X006B
14B1 : 9E 5C		" \"		lds	X005C
14B3 : BD 15 D6		"   "		jsr	L15D6
14B6 : 8C 16 13		"   "		cpx	#$1613
14B9 : 26 EF		"& "		bne	L14AA
14BB : 96 53		" S"		ldaa	X0053
14BD : 43		"C"		coma
14BE : BD 15 D6		"   "		jsr	L15D6
14C1 : 0E		" "		cli
14C2 : CE 15 FB		"   "		ldx	#$15FB
14C5 : BD 05 F9		"   "		jsr	L05F9
14C8				L14C8:
14C8 : DE 47		" G"		ldx	X0047
14CA : DF 4D		" M"		stx	X004D
14CC : 7D 00 5B		"} ["		tst	X005B
14CF : 2A 03		"* "		bpl	L14D4
14D1 : 7E 15 B6		"~  "		jmp	L15B6
				;
14D4				L14D4:
14D4 : DE 54		" T"		ldx	X0054
14D6				L14D6:
14D6 : A6 00		"  "		ldaa	$00,x
14D8 : 81 20		"  "		cmpa	#$20
14DA : 26 09		"& "		bne	L14E5
14DC : 08		" "		inx
14DD : DF 54		" T"		stx	X0054
14DF : 8C 00 B7		"   "		cpx	#$00B7
14E2 : 26 F2		"& "		bne	L14D6
14E4				L14E4:
14E4 : 39		"9"		rts
				;
14E5				L14E5:
14E5 : 7D 00 4C		"} L"		tst	X004C
14E8 : 26 25		"&%"		bne	L150F
14EA				L14EA:
14EA : 36		"6"		psha
14EB : 7F 00 53		"  S"		clr	X0053
14EE : 86 FF		"  "		ldaa	#$FF
14F0 : 97 4C		" L"		staa	X004C
14F2 : CE 05 29		"  )"		ldx	#$0529
14F5				L14F5:
14F5 : 6F 00		"o "		clr	$00,x
14F7 : 08		" "		inx
14F8 : 8C 05 69		"  i"		cpx	#$0569
14FB : 26 F8		"& "		bne	L14F5
14FD : DE 4D		" M"		ldx	X004D
14FF : DF 4F		" O"		stx	X004F
1501 : CE 05 2B		"  +"		ldx	#$052B
1504 : 96 4F		" O"		ldaa	X004F
1506 : BD 15 D6		"   "		jsr	L15D6
1509 : 96 50		" P"		ldaa	X0050
150B : BD 15 D4		"   "		jsr	L15D4
150E : 32		"2"		pula
150F				L150F:
150F : DE 4D		" M"		ldx	X004D
1511 : 9C 4F		" O"		cpx	X004F
1513 : 27 05		"' "		beq	L151A
1515 : BD 15 7C		"  |"		jsr	L157C
1518 : 20 D0		"  "		bra	L14EA
				;
151A				L151A:
151A : DE 54		" T"		ldx	X0054
151C : BD 15 E2		"   "		jsr	L15E2
151F : 48		"H"		asla
1520 : 48		"H"		asla
1521 : 48		"H"		asla
1522 : 48		"H"		asla
1523 : 16		" "		tab
1524 : 08		" "		inx
1525 : A6 00		"  "		ldaa	$00,x
1527 : 08		" "		inx
1528 : DF 54		" T"		stx	X0054
152A : BD 15 E2		"   "		jsr	L15E2
152D : 1B		" "		aba
152E : 7D 00 40		"} @"		tst	X0040
1531 : 27 31		"'1"		beq	L1564
1533 : 36		"6"		psha
1534 : 96 4D		" M"		ldaa	X004D
1536 : D6 4E		" N"		ldab	X004E
1538 : D0 22		" ""		subb	X0022
153A : 92 21		" !"		sbca	X0021
153C : 25 0A		"% "		bcs	L1548
153E : 96 4D		" M"		ldaa	X004D
1540 : D6 4E		" N"		ldab	X004E
1542 : D0 24		" $"		subb	X0024
1544 : 92 23		" #"		sbca	X0023
1546 : 25 0F		"% "		bcs	L1557
1548				L1548:
1548 : 32		"2"		pula
1549 : DE 4D		" M"		ldx	X004D
154B : A7 00		"  "		staa	$00,x
154D : A1 00		"  "		cmpa	$00,x
154F : 26 05		"& "		bne	L1556
1551 : 7F 00 3D		"  ="		clr	X003D
1554 : 20 0E		"  "		bra	L1564
				;
1556				L1556:
1556 : 36		"6"		psha
1557				L1557:
1557 : 86 DA		"  "		ldaa	#$DA
1559 : 7D 00 3D		"} ="		tst	X003D
155C : 26 05		"& "		bne	L1563
155E : 97 3D		" ="		staa	X003D
1560 : BD 05 ED		"   "		jsr	L05ED
1563				L1563:
1563 : 32		"2"		pula
1564				L1564:
1564 : 8D 6E		" n"		bsr	L15D4
1566 : DE 4D		" M"		ldx	X004D
1568 : 08		" "		inx
1569 : DF 4D		" M"		stx	X004D
156B : DF 4F		" O"		stx	X004F
156D : DE 56		" V"		ldx	X0056
156F : 8C 05 65		"  e"		cpx	#$0565
1572 : 27 03		"' "		beq	L1577
1574 : 7E 14 D4		"~  "		jmp	L14D4
				;
1577				L1577:
1577 : 8D 03		"  "		bsr	L157C
1579 : 7E 14 D4		"~  "		jmp	L14D4
				;
157C				L157C:
157C : 36		"6"		psha
157D : 7F 00 4C		"  L"		clr	X004C
1580 : 86 03		"  "		ldaa	#$03
1582 : CE 05 2B		"  +"		ldx	#$052B
1585				L1585:
1585 : 4C		"L"		inca
1586 : 08		" "		inx
1587 : 6D 00		"m "		tst	$00,x
1589 : 26 FA		"& "		bne	L1585
158B : 44		"D"		lsra
158C : 36		"6"		psha
158D : BD 15 D4		"   "		jsr	L15D4
1590 : 96 53		" S"		ldaa	X0053
1592 : 43		"C"		coma
1593 : 09		" "		dex
1594 : 09		" "		dex
1595 : BD 15 D6		"   "		jsr	L15D6
1598 : 86 0D		"  "		ldaa	#$0D
159A : A7 00		"  "		staa	$00,x
159C : 86 0A		"  "		ldaa	#$0A
159E : A7 01		"  "		staa	$01,x
15A0 : 86 00		"  "		ldaa	#$00
15A2 : A7 02		"  "		staa	$02,x
15A4 : 86 04		"  "		ldaa	#$04
15A6 : A7 03		"  "		staa	$03,x
15A8 : 32		"2"		pula
15A9 : CE 05 29		"  )"		ldx	#$0529
15AC : 8D 28		" ("		bsr	L15D6
15AE : CE 05 27		"  '"		ldx	#$0527
15B1 : BD 05 F9		"   "		jsr	L05F9
15B4 : 32		"2"		pula
15B5 : 39		"9"		rts
				;
15B6				L15B6:
15B6 : 7D 00 4C		"} L"		tst	X004C
15B9 : 27 02		"' "		beq	L15BD
15BB : 8D BF		"  "		bsr	L157C
15BD				L15BD:
15BD : 96 3E		" >"		ldaa	X003E
15BF : 26 0D		"& "		bne	L15CE
15C1 : 96 44		" D"		ldaa	X0044
15C3 : 27 09		"' "		beq	L15CE
15C5 : CE 16 19		"   "		ldx	#$1619
15C8 : BD 05 F9		"   "		jsr	L05F9
15CB : BD 01 27		"  '"		jsr	L0127
15CE				L15CE:
15CE : 7F 00 4B		"  K"		clr	X004B
15D1 : 7E 14 E4		"~  "		jmp	L14E4
				;
15D4				L15D4:
15D4 : DE 56		" V"		ldx	X0056
15D6				L15D6:
15D6 : 36		"6"		psha
15D7 : 9B 53		" S"		adda	X0053
15D9 : 97 53		" S"		staa	X0053
15DB : 32		"2"		pula
15DC : BD 05 F6		"   "		jsr	L05F6
15DF : DF 56		" V"		stx	X0056
15E1 : 39		"9"		rts
				;
15E2				L15E2:
15E2 : 81 30		" 0"		cmpa	#$30
15E4 : 2B 11		"+ "		bmi	L15F7
15E6 : 81 39		" 9"		cmpa	#$39
15E8 : 2F 0A		"/ "		ble	L15F4
15EA : 81 41		" A"		cmpa	#$41
15EC : 2B 09		"+ "		bmi	L15F7
15EE : 81 46		" F"		cmpa	#$46
15F0 : 2E 05		". "		bgt	L15F7
15F2 : 80 07		"  "		suba	#$07
15F4				L15F4:
15F4 : 84 0F		"  "		anda	#$0F
15F6 : 39		"9"		rts
				;
15F7				L15F7:
15F7 : 7D 06 41		"} A"		tst	X0641
15FA : 39		"9"		rts
				;
15FB : 53		"S"		comb
15FC : 30		"0"		tsx
15FD : 30		"0"		tsx
				;
15FE : 42		"B"		db	$42
				;
15FF : 30		"0"		tsx
1600 : 30		"0"		tsx
1601 : 30		"0"		tsx
1602 : 30		"0"		tsx
1603 : 20 20		"  "		bra	L1625
1605 : 20 20		"  "		bra	L1627
1607 : 20 20		"  "		bra	L1629
1609 : 20 20		"  "		bra	L162B
160B : 20 20		"  "		bra	L162D
160D : 20 20		"  "		bra	L162F
160F : 20 20		"  "		bra	L1631
1611 : 20 20		"  "		bra	L1633
				;
1613 : 00 00		"  "		db	$00, $00
				;
1615 : 0D		" "		sec
1616 : 0A		" "		clv
				;
1617 : 00 04		"  "		db	$00, $04
				;
1619 : 53		"S"		comb
161A : 39		"9"		rts
				;
161B : 30		"0"		tsx
161C : 33		"3"		pulb
161D : 30		"0"		tsx
161E : 30		"0"		tsx
161F : 30		"0"		tsx
1620 : 30		"0"		tsx
1621 : 46		"F"		rora
1622 : 43		"C"		coma
1623 : 0D		" "		sec
1624 : 0A		" "		clv
				;
1625				L1625:
1625 : 00 04 00		"   "		db	$00, $04, $00
				;
1628 : C1 20		"  "		cmpb	#$20
162A : 20 20		"  "		bra	L164C
162C : 20 20		"  "		bra	L164E
				;
162E : FF FF C2		"   "		stx	XFFC2
1631				L1631:
1631 : 20 20		"  "		bra	L1653
1633				L1633:
1633 : 20 20		"  "		bra	L1655
1635 : 20 FF		"  "		bra	L1636
				;
1637 : FF D8 20		"   "		stx	XD820
163A : 20 20		"  "		bra	L165C
163C : 20 20		"  "		bra	L165E
				;
163E : FF FF FF		"   "		stx	XFFFF
				;
1641				L1641:
1641 : 00 00 00 00	"    "		db	$00, $00, $00, $00
1645 : 00 00 00 00	"    "		db	$00, $00, $00, $00
1649 : 00 00 00 00	"    "		db	$00, $00, $00, $00
164D : 00 00 00 00	"    "		db	$00, $00, $00, $00
1651 : 00 00 00 00	"    "		db	$00, $00, $00, $00
1655				L1655:
1655 : 00 00 00 00	"    "		db	$00, $00, $00, $00



E0FC : 00 00 00 20	"    "		db	$00, $00, $00, $20

;--------------------------------------------------------------
Symbol table
============

Value		Type	Name
-----		----	----
0000		Data	X0000
0005		Data	X0005
0020		Data	X0020
0021		Data	X0021
0022		Data	X0022
0023		Data	X0023
0024		Data	X0024
0025		Data	X0025
0026		Data	X0026
0027		Data	X0027
0028		Data	X0028
0029		Data	X0029
002A		Data	X002A
002B		Data	X002B
002C		Data	X002C
002D		Data	X002D
002E		Data	X002E
002F		Data	X002F
0030		Data	X0030
0032		Data	X0032
0033		Data	X0033
0034		Data	X0034
0036		Data	X0036
0037		Data	X0037
0038		Data	X0038
0039		Data	X0039
003D		Data	X003D
003E		Data	X003E
003F		Data	X003F
0040		Data	X0040
0041		Data	X0041
0042		Data	X0042
0043		Data	X0043
0044		Data	X0044
0045		Data	X0045
0046		Data	X0046
0047		Data	X0047
0048		Data	X0048
0049		Data	X0049
004A		Data	X004A
004B		Data	X004B
004C		Data	X004C
004D		Data	X004D
004E		Data	X004E
004F		Data	X004F
0050		Data	X0050
0053		Data	X0053
0054		Data	X0054
0056		Data	X0056
0058		Data	X0058
0059		Data	X0059
005B		Data	X005B
005C		Data	X005C
005E		Data	X005E
0060		Data	X0060
0061		Data	X0061
0062		Data	X0062
0063		Data	X0063
0065		Data	X0065
0067		Data	X0067
0069		Data	X0069
006B		Data	X006B
006D		Data	X006D
006E		Data	X006E
006F		Data	X006F
0070		Data	X0070
0072		Data	X0072
0073		Data	X0073
0074		Data	X0074
0075		Data	X0075
0076		Data	X0076
0077		Data	X0077
0078		Data	X0078
0079		Data	X0079
007A		Data	X007A
007B		Data	X007B
007C		Data	X007C
007D		Data	X007D
007E		Data	X007E
007F		Data	X007F
0080		Data	X0080
0081		Data	X0081
0082		Data	X0082
0083		Data	X0083
0084		Data	X0084
0085		Data	X0085
0086		Data	X0086
0088		Data	X0088
0089		Data	X0089
008A		Data	X008A
008B		Data	X008B
008C		Data	X008C
008D		Data	X008D
008E		Data	X008E
0092		Data	X0092
0093		Data	X0093
009C		Data	X009C
00BE		Data	X00BE
00BF		Data	X00BF
00C0		Data	X00C0
00C2		Data	X00C2
00CE		Data	X00CE
00F0		Data	X00F0
00F2		Data	X00F2
00F3		Data	X00F3
00F5		Data	X00F5
00F6		Data	X00F6
00F7		Data	X00F7
0100		Code	L0100
0104		Data	X0104
0106		Code	L0106
0109		Code	L0109
010C		Code	L010C
0112		Code	L0112
0115		Code	L0115
0118		Code	L0118
011E		Code	vCrLfSt
0121		Code	vDspStr
0124		Code	L0124
0127		Code	L0127
012A		Code	L012A
012D		Code	L012D
0133		Code	L0133
0136		Code	L0136
0139		Code	L0139
013C		Code	L013C
013F		Code	L013F
014C		Code	L014C
014F		Code	L014F
0157		Code	L0157
015D		Code	L015D
016B		Code	L016B
0171		Code	L0171
0177		Code	L0177
017B		Code	L017B
017D		Code	L017D
0185		Code	L0185
0196		Code	L0196
019D		Code	L019D
019F		Code	L019F
01AB		Code	L01AB
01B5		Code	L01B5
01B8		Code	L01B8
01BD		Code	L01BD
01CD		Code	L01CD
01D0		Code	L01D0
01EB		Code	L01EB
01EE		Code	L01EE
0202		Code	L0202
0218		Code	L0218
0220		Code	L0220
022F		Code	L022F
0232		Code	L0232
0233		Code	L0233
024E		Code	L024E
025A		Code	L025A
026E		Code	L026E
0275		Code	L0275
0277		Code	L0277
0281		Code	L0281
0284		Code	L0284
0290		Code	L0290
0292		Code	L0292
0295		Code	L0295
02A5		Code	L02A5
02A9		Code	L02A9
02B7		Data	X02B7
0301		Data	X0301
0302		Data	X0302
0303		Code	L0303
0311		Code	L0311
0354		Code	L0354
035B		Code	L035B
0363		Code	L0363
036E		Code	L036E
0370		Code	L0370
0376		Code	L0376
0383		Code	L0383
0389		Code	L0389
0393		Code	L0393
0397		Code	L0397
0398		Code	L0398
039E		Code	L039E
03A2		Code	L03A2
03B2		Code	L03B2
03B9		Code	L03B9
0507		Data	X0507
0508		Data	X0508
052C		Code	L052C
0540		Code	L0540
055E		Code	L055E
057C		Data	X057C
057D		Data	X057D
0582		Code	L0582
0585		Code	L0585
05A0		Code	L05A0
05A3		Code	L05A3
05AE		Code	L05AE
05C0		Code	L05C0
05C3		Code	L05C3
05C6		Code	L05C6
05C9		Code	L05C9
05CC		Code	L05CC
05CF		Code	L05CF
05D2		Code	L05D2
05D5		Code	L05D5
05D8		Code	L05D8
05DB		Code	L05DB
05DE		Code	L05DE
05E1		Code	L05E1
05E4		Code	L05E4
05E7		Code	L05E7
05EA		Code	L05EA
05ED		Code	L05ED
05F0		Code	L05F0
05F3		Code	L05F3
05F6		Code	L05F6
05F9		Code	L05F9
0604		Code	L0604
0641		Data	X0641
0642		Data	X0642
0643		Data	X0643
0644		Data	X0644
0645		Code	L0645
0649		Code	L0649
064C		Code	L064C
064D		Code	L064D
064F		Code	L064F
0650		Code	L0650
0652		Code	L0652
065A		Code	L065A
0660		Code	L0660
0661		Code	L0661
0664		Code	L0664
0668		Code	L0668
066A		Code	L066A
066B		Code	L066B
066C		Code	L066C
066E		Code	L066E
066F		Code	L066F
0679		Code	L0679
0691		Code	L0691
06AA		Code	L06AA
06AD		Code	L06AD
06E9		Code	L06E9
06F3		Code	L06F3
06FA		Code	L06FA
06FB		Code	L06FB
0710		Code	L0710
071C		Code	L071C
0728		Code	L0728
0739		Code	L0739
074A		Code	L074A
0758		Code	L0758
0765		Code	L0765
076C		Code	L076C
077D		Code	L077D
077F		Code	L077F
0784		Code	L0784
0793		Code	L0793
07AA		Code	L07AA
07BF		Code	L07BF
07CA		Code	L07CA
07E1		Code	L07E1
07E7		Code	L07E7
07F6		Code	L07F6
0807		Code	L0807
0817		Code	L0817
0822		Code	L0822
082C		Code	L082C
0839		Code	L0839
083A		Code	L083A
084C		Code	L084C
085A		Code	L085A
0866		Code	L0866
0870		Code	L0870
087D		Code	L087D
0887		Code	L0887
088B		Code	L088B
0899		Code	L0899
08B7		Code	L08B7
08BA		Code	L08BA
08BF		Code	L08BF
08C2		Code	L08C2
08CD		Code	L08CD
08F4		Code	L08F4
08FC		Code	L08FC
090A		Code	L090A
0915		Code	L0915
091B		Code	L091B
0925		Code	L0925
0932		Code	L0932
0935		Code	L0935
0946		Code	L0946
0959		Code	L0959
0961		Code	L0961
097B		Code	L097B
0988		Code	L0988
098E		Code	L098E
0995		Code	L0995
09BD		Code	L09BD
09C6		Code	L09C6
09D4		Code	L09D4
09D7		Code	L09D7
09FC		Code	L09FC
0A0C		Code	L0A0C
0A11		Data	X0A11
0A13		Code	L0A13
0A18		Code	L0A18
0A49		Code	L0A49
0A4C		Code	L0A4C
0A59		Code	L0A59
0A71		Code	L0A71
0A78		Code	L0A78
0A81		Code	L0A81
0A88		Code	L0A88
0A94		Code	L0A94
0AA2		Code	L0AA2
0AAC		Code	L0AAC
0AB4		Code	L0AB4
0AB9		Code	L0AB9
0ADF		Code	L0ADF
0AED		Code	L0AED
0AF4		Code	L0AF4
0AF9		Code	L0AF9
0B0C		Code	L0B0C
0B17		Code	L0B17
0B20		Code	L0B20
0B2A		Code	L0B2A
0B36		Code	L0B36
0B3C		Code	L0B3C
0B46		Code	L0B46
0B50		Code	L0B50
0B5A		Code	L0B5A
0B60		Code	L0B60
0B63		Code	L0B63
0B66		Code	L0B66
0B79		Code	L0B79
0B8F		Code	L0B8F
0BAA		Code	L0BAA
0BC6		Code	L0BC6
0BD4		Code	L0BD4
0BD7		Code	L0BD7
0BDD		Code	L0BDD
0BF3		Code	L0BF3
0BFE		Code	L0BFE
0C09		Code	L0C09
0C21		Code	L0C21
0C2A		Code	L0C2A
0C35		Code	L0C35
0C37		Code	L0C37
0C49		Code	L0C49
0C58		Code	L0C58
0C7D		Code	L0C7D
0C85		Code	L0C85
0C9C		Code	L0C9C
0CA5		Code	L0CA5
0CC6		Code	L0CC6
0CCB		Code	L0CCB
0CCE		Code	L0CCE
0CD3		Code	L0CD3
0CDC		Code	L0CDC
0CFD		Code	L0CFD
0D00		Code	L0D00
0D0D		Code	L0D0D
0D34		Code	L0D34
0D4F		Code	L0D4F
0D52		Code	L0D52
0D7D		Code	L0D7D
0D80		Code	L0D80
0D8F		Code	L0D8F
0D95		Code	L0D95
0DA2		Code	L0DA2
0DB0		Code	L0DB0
0DBC		Code	L0DBC
0DBE		Code	L0DBE
0DC9		Code	L0DC9
0DD1		Code	L0DD1
0DD9		Code	L0DD9
0DE9		Code	L0DE9
0DF9		Code	L0DF9
0E09		Code	L0E09
0E19		Code	L0E19
0E29		Code	L0E29
0E39		Code	L0E39
0E49		Code	L0E49
0E50		Code	L0E50
0E64		Code	L0E64
0E6C		Code	L0E6C
0E7D		Code	L0E7D
0E8B		Code	L0E8B
0E98		Code	L0E98
0EA0		Code	L0EA0
0EAE		Code	L0EAE
0EB1		Code	L0EB1
0ECC		Code	L0ECC
0ED1		Code	L0ED1
0EE9		Code	L0EE9
0EEC		Code	L0EEC
0F09		Code	L0F09
0F0F		Code	L0F0F
0F30		Code	L0F30
0F35		Code	L0F35
0F3F		Code	L0F3F
0F42		Code	L0F42
0F49		Code	L0F49
0F5C		Code	L0F5C
0F70		Code	L0F70
0F89		Code	L0F89
0FBA		Code	L0FBA
0FBD		Code	L0FBD
0FCB		Code	L0FCB
0FD2		Code	L0FD2
0FEA		Code	L0FEA
0FF9		Code	L0FF9
1009		Code	L1009
1016		Code	L1016
1020		Code	L1020
1027		Code	L1027
102B		Code	L102B
102F		Code	L102F
104A		Code	L104A
1053		Code	L1053
1060		Code	L1060
106A		Code	L106A
1082		Code	L1082
1088		Code	L1088
1097		Code	L1097
109E		Code	L109E
10A5		Code	L10A5
10A8		Code	L10A8
10CD		Code	L10CD
10D0		Code	L10D0
10F4		Code	L10F4
10F9		Code	L10F9
10FA		Code	L10FA
1102		Code	L1102
1106		Code	L1106
111E		Code	L111E
1120		Code	L1120
1128		Code	L1128
112F		Code	L112F
1139		Code	L1139
1145		Code	L1145
1151		Code	L1151
1167		Code	L1167
117E		Code	L117E
1185		Code	L1185
1197		Code	L1197
11A2		Code	L11A2
11A9		Code	L11A9
11B6		Code	L11B6
11C6		Code	L11C6
11CE		Code	L11CE
11D3		Code	L11D3
11DD		Code	L11DD
11E7		Code	L11E7
11EB		Code	L11EB
11FC		Code	L11FC
1203		Code	L1203
1204		Code	L1204
1208		Code	L1208
121E		Code	L121E
1226		Code	L1226
122B		Code	L122B
122F		Code	L122F
123A		Code	L123A
1241		Code	L1241
124A		Code	L124A
1254		Code	L1254
1255		Code	L1255
1258		Code	L1258
127B		Code	L127B
1284		Code	L1284
1287		Code	L1287
12AA		Code	L12AA
12AE		Code	L12AE
12BB		Code	L12BB
12C0		Code	L12C0
12D0		Code	L12D0
12DE		Code	L12DE
12EB		Code	L12EB
12F6		Code	L12F6
1304		Code	L1304
1308		Code	L1308
130C		Code	L130C
130D		Code	L130D
1310		Code	L1310
1312		Code	L1312
1318		Code	L1318
131A		Code	L131A
1327		Code	L1327
132D		Code	L132D
133A		Code	L133A
1361		Code	L1361
1364		Code	L1364
137B		Code	L137B
1386		Code	L1386
1395		Code	L1395
1398		Code	L1398
139F		Code	L139F
13AB		Code	L13AB
13B0		Code	L13B0
13B6		Code	L13B6
13B9		Code	L13B9
13DB		Code	L13DB
13EA		Code	L13EA
13F1		Code	L13F1
13F5		Code	L13F5
13FC		Code	L13FC
1405		Code	L1405
1412		Code	L1412
141C		Code	L141C
1429		Code	L1429
142D		Code	L142D
1446		Code	L1446
1449		Code	L1449
146D		Code	L146D
1471		Code	L1471
1472		Code	L1472
1495		Code	L1495
14AA		Code	L14AA
14C8		Code	L14C8
14D4		Code	L14D4
14D6		Code	L14D6
14E4		Code	L14E4
14E5		Code	L14E5
14EA		Code	L14EA
14F5		Code	L14F5
150F		Code	L150F
151A		Code	L151A
1548		Code	L1548
1556		Code	L1556
1557		Code	L1557
1563		Code	L1563
1564		Code	L1564
1577		Code	L1577
157C		Code	L157C
1585		Code	L1585
15B6		Code	L15B6
15BD		Code	L15BD
15CE		Code	L15CE
15D4		Code	L15D4
15D6		Code	L15D6
15E2		Code	L15E2
15F4		Code	L15F4
15F7		Code	L15F7
1625		Code	L1625
1627		Code	L1627
1629		Code	L1629
162B		Code	L162B
162D		Code	L162D
162F		Code	L162F
1631		Code	L1631
1633		Code	L1633
1636		Code	L1636
1640		Data	X1640
1641		Code	L1641
164C		Code	L164C
164E		Code	L164E
1653		Code	L1653
1655		Code	L1655
165C		Code	L165C
165E		Code	L165E
2621		Data	X2621
2A2A		Code	L2A2A
4F52		Data	X4F52
5041		Data	X5041
524D		Data	X524D
5350		Data	X5350
7E01		Data	X7E01
CF20		Data	XCF20
D820		Data	XD820
E014		Data	XE014
E800		Code	charIn		CI
E803		Code	charOut		CO
E821		Code	MONITOR		monitor
EEEA		Code	crLfStr		crlf string
EEEC		Code	dispStr		string
EEF9		Code	crLf		crlf
F018		Code	LF018		contains FCB address $F800
F023		Code	UPDATE		UPDATE
F03B		Code	RESTORE		RESTORE FILE POINTERS
F135		Code	diskRd		RI
F1AD		Code	diskWrt		WRT
F9CF		Code	LF9CF		EXBUG outchar without nulls
FCF4		Data	XFCF4		Exorciser ACIA0 status
FCF5		Data	XFCF5		Exorciser ACIA0 data
FCFD		Data	XFCFD		Exorciser HW
FF02		Data	XFF02		EXBUG SPEED param	
FF62		Data	XFF62		EXBUG EXPUN param
FFC2		Data	XFFC2		table data?
FFFF		Data	XFFFF		table data?


Number of symbols:			593

;--------------------------------------------------------------
