    1                         NAM    ASM              RESIDENT MACRO ASSEMBLER
    2                  *              (RELOCATING AND LINKING)
    3                  *              VERSION 1.0
    4                  *
    5                  * C.COPYRIGHT 1977 JACK E. HEMENWAY
    6                  * BOSTON MASS. ALL RIGHTS RESERVED
    7                  *
    8                  * MODIFIED BY ROBERTO SANCHO TO
    9                  * BE USED UNDER CP/68 OPERATING SYSTEM
   10                  * AND SIMH SWTPC MF68 DISK SIMULATOR
   11                  * (C) APR 2022
   12                  *
   13                  * EDOS addresses
   14      0000        XPASS  EQU    $0               ASSEMBLY PASS: 5, 7, 9 (USER 2,3,4)
   15      E800        XABORT EQU    $E800            ENTER EDOS, ABORT OUTPUT FILE
   16      E809        XRI    EQU    $E809            EDOS ROM DISK BYTE READ ROUTINE
   17      E80C        XWRT   EQU    $E80C            EDOS ROM DISK WRITE ROUTINE
   18      E80F        XSAVE  EQU    $E80F            ENTER EDOS, KEEP OUTPUT FILE
   19      F018        XOUTC  EQU    $F018            EXBUG PRINT SINGLE CHARACTER (ON CONSOLE)
   20      E82D        XRESTR EQU    $E82D            EDOS REWIND INPUT FILE
   21                  *
   22      A042        STACK  EQU    $A042
   23                  *
   24 0020                    ORG    $20
   25 0020 8E A042            LDS    #STACK
   26 0023 7E 047B            JMP    PASS1
   27                  * Skip over EDOS stack..
   28 0100                    ORG    $100
   29                  *
   30                  * MNTAB MNEMONIC TABLE *
   31                  *
   32 0100 41 42 41    MNTAB  FCC    'ABA'
   33 0103 11 27              FDB    ADDR9
   34 0105 1B                 FCB    $1B
   35 0106 41 44 43           FCC    'ADC'
   36 0109 0E BD              FDB    ADDR1
   37 010B 09                 FCB    $09
   38 010C 41 44 44           FCC    'ADD'
   39 010F 0E BD              FDB    ADDR1
   40 0111 0B                 FCB    $0B
   41 0112 41 4E 44           FCC    'AND'
   42 0115 0E BD              FDB    ADDR1
   43 0117 04                 FCB    $04
   44 0118 41 53 4C           FCC    'ASL'
   45 011B 0F B6              FDB    ADDR3
   46 011D 08                 FCB    $08
   47 011E 41 53 52           FCC    'ASR'
   48 0121 0F B6              FDB    ADDR3
   49 0123 07                 FCB    $07
   50 0124 42 43 43           FCC    'BCC'
   51 0127 10 D6              FDB    ADDR8
   52 0129 24                 FCB    $24
   53 012A 42 43 53           FCC    'BCS'
   54 012D 10 D6              FDB    ADDR8
   55 012F 25                 FCB    $25
   56 0130 42 45 51           FCC    'BEQ'
   57 0133 10 D6              FDB    ADDR8
   58 0135 27                 FCB    $27
   59 0136 42 47 45           FCC    'BGE'
   60 0139 10 D6              FDB    ADDR8
   61 013B 2C                 FCB    $2C
   62 013C 42 47 54           FCC    'BGT'
   63 013F 10 D6              FDB    ADDR8
   64 0141 2E                 FCB    $2E
   65 0142 42 48 49           FCC    'BHI'
   66 0145 10 D6              FDB    ADDR8
   67 0147 22                 FCB    $22
   68 0148 42 49 54           FCC    'BIT'
   69 014B 0E BD              FDB    ADDR1
   70 014D 05                 FCB    $05
   71 014E 42 4C 45           FCC    'BLE'
   72 0151 10 D6              FDB    ADDR8
   73 0153 2F                 FCB    $2F
   74 0154 42 4C 53           FCC    'BLS'
   75 0157 10 D6              FDB    ADDR8
   76 0159 23                 FCB    $23
   77 015A 42 4C 54           FCC    'BLT'
   78 015D 10 D6              FDB    ADDR8
   79 015F 2D                 FCB    $2D
   80 0160 42 4D 49           FCC    'BMI'
   81 0163 10 D6              FDB    ADDR8
   82 0165 2B                 FCB    $2B
   83 0166 42 4E 45           FCC    'BNE'
   84 0169 10 D6              FDB    ADDR8
   85 016B 26                 FCB    $26
   86 016C 42 50 4C           FCC    'BPL'
   87 016F 10 D6              FDB    ADDR8
   88 0171 2A                 FCB    $2A
   89 0172 42 52 41           FCC    'BRA'
   90 0175 10 D6              FDB    ADDR8
   91 0177 20                 FCB    $20
   92 0178 42 53 52           FCC    'BSR'
   93 017B 10 D6              FDB    ADDR8
   94 017D 8D                 FCB    $8D
   95 017E 42 56 53           FCC    'BVS'
   96 0181 10 D6              FDB    ADDR8
   97 0183 28                 FCB    $28
   98 0184 42 56 53           FCC    'BVS'
   99 0187 10 D6              FDB    ADDR8
  100 0189 29                 FCB    $29
  101 018A 43 42 41           FCC    'CBA'
  102 018D 11 27              FDB    ADDR9
  103 018F 11                 FCB    $11
  104 0190 43 4C 43           FCC    'CLC'
  105 0193 11 27              FDB    ADDR9
  106 0195 0C                 FCB    $0C
  107 0196 43 4C 49           FCC    'CLI'
  108 0199 11 27              FDB    ADDR9
  109 019B 0E                 FCB    $0E
  110 019C 43 4C 52           FCC    'CLR'
  111 019F 0F B6              FDB    ADDR3
  112 01A1 0F                 FCB    $0F
  113 01A2 43 4C 56           FCC    'CLV'
  114 01A5 11 27              FDB    ADDR9
  115 01A7 0A                 FCB    $0A
  116 01A8 43 4D 50           FCC    'CMP'
  117 01AB 0E BD              FDB    ADDR1
  118 01AD 01                 FCB    $01
  119 01AE 43 4F 4D           FCC    'COM'
  120 01B1 0F B6              FDB    ADDR3
  121 01B3 03                 FCB    $03
  122 01B4 43 50 58           FCC    'CPX'
  123 01B7 10 25              FDB    ADDR5
  124 01B9 8C                 FCB    $8C
  125 01BA 44 41 41           FCC    'DAA'
  126 01BD 11 27              FDB    ADDR9
  127 01BF 19                 FCB    $19
  128 01C0 44 45 43           FCC    'DEC'
  129 01C3 0F B6              FDB    ADDR3
  130 01C5 0A                 FCB    $0A
  131 01C6 44 45 53           FCC    'DES'
  132 01C9 11 27              FDB    ADDR9
  133 01CB 34                 FCB    $34
  134 01CC 44 45 58           FCC    'DEX'
  135 01CF 11 27              FDB    ADDR9
  136 01D1 09                 FCB    $09
  137 01D2 45 4E 44           FCC    'END'
  138 01D5 12 8A              FDB    POEND
  139 01D7 FF                 FCB    $FF
  140 01D8 45 4F 52           FCC    'EOR'
  141 01DB 0E BD              FDB    ADDR1
  142 01DD 08                 FCB    $08
  143 01DE 45 51 55           FCC    'EQU'
  144 01E1 14 2D              FDB    POEQU
  145 01E3 FF                 FCB    $FF
  146 01E4 46 43 42           FCC    'FCB'
  147 01E7 14 BF              FDB    POFCB
  148 01E9 FF                 FCB    $FF
  149 01EA 46 43 43           FCC    'FCC'
  150 01ED 14 F7              FDB    POFCC
  151 01EF FF                 FCB    $FF
  152 01F0 46 44 42           FCC    'FDB'
  153 01F3 15 51              FDB    POFDB
  154 01F5 FF                 FCB    $FF
  155 01F6 49 46 20           FCC    'IF '
  156 01F9 15 95              FDB    POIF
  157 01FB FF                 FCB    $FF
  158 01FC 49 4E 43           FCC    'INC'
  159 01FF 0F B6              FDB    ADDR3
  160 0201 0C                 FCB    $0C
  161 0202 49 4E 53           FCC    'INS'
  162 0205 11 27              FDB    ADDR9
  163 0207 31                 FCB    $31
  164 0208 49 4E 58           FCC    'INX'
  165 020B 11 27              FDB    ADDR9
  166 020D 08                 FCB    $08
  167 020E 4A 4D 50           FCC    'JMP'
  168 0211 10 A3              FDB    ADDR7
  169 0213 6E                 FCB    $6E
  170 0214 4A 53 52           FCC    'JSR'
  171 0217 10 A3              FDB    ADDR7
  172 0219 AD                 FCB    $AD
  173 021A 4C 44 41           FCC    'LDA'
  174 021D 0E BD              FDB    ADDR1
  175 021F 06                 FCB    $06
  176 0220 4C 44 53           FCC    'LDS'
  177 0223 10 25              FDB    ADDR5
  178 0225 8E                 FCB    $8E
  179 0226 4C 44 58           FCC    'LDX'
  180 0229 10 25              FDB    ADDR5
  181 022B CE                 FCB    $CE
  182 022C 4C 53 52           FCC    'LSR'
  183 022F 0F B6              FDB    ADDR3
  184 0231 04                 FCB    $04
  185 0232 4D 41 43           FCC    'MAC'
  186 0235 15 D5              FDB    POMAC
  187 0237 FF                 FCB    $FF
  188 0238 4E 41 4D           FCC    'NAM'
  189 023B 16 DC              FDB    PONAM
  190 023D FF                 FCB    $FF
  191 023E 4E 45 47           FCC    'NEG'
  192 0241 0F B6              FDB    ADDR3
  193 0243 00                 FCB    $00
  194 0244 4E 49 46           FCC    'NIF'
  195 0247 16 F5              FDB    PONIF
  196 0249 FF                 FCB    $FF
  197 024A 4E 4F 50           FCC    'NOP'
  198 024D 11 27              FDB    ADDR9
  199 024F 02                 FCB    $02
  200 0250 4F 52 41           FCC    'ORA'
  201 0253 0E BD              FDB    ADDR1
  202 0255 0A                 FCB    $0A
  203 0256 4F 52 47           FCC    'ORG'
  204 0259 14 8B              FDB    POORG
  205 025B FF                 FCB    $FF
  206 025C 50 41 47           FCC    'PAG'
  207 025F 17 3A              FDB    POPAG
  208 0261 FF                 FCB    $FF
  209 0262 50 53 48           FCC    'PSH'
  210 0265 10 05              FDB    ADDR4
  211 0267 36                 FCB    $36
  212 0268 50 55 4C           FCC    'PUL'
  213 026B 10 05              FDB    ADDR4
  214 026D 32                 FCB    $32
  215 026E 52 4D 42           FCC    'RMB'
  216 0271 17 5B              FDB    PORMB
  217 0273 FF                 FCB    $FF
  218 0274 52 4F 4C           FCC    'ROL'
  219 0277 0F B6              FDB    ADDR3
  220 0279 09                 FCB    $09
  221 027A 52 4F 52           FCC    'ROR'
  222 027D 0F B6              FDB    ADDR3
  223 027F 06                 FCB    $06
  224 0280 52 54 49           FCC    'RTI'
  225 0283 11 27              FDB    ADDR9
  226 0285 3B                 FCB    $3B
  227 0286 52 54 53           FCC    'RTS'
  228 0289 11 27              FDB    ADDR9
  229 028B 39                 FCB    $39
  230 028C 53 42 41           FCC    'SBA'
  231 028F 11 27              FDB    ADDR9
  232 0291 10                 FCB    $10
  233 0292 53 42 43           FCC    'SBC'
  234 0295 0E BD              FDB    ADDR1
  235 0297 02                 FCB    $02
  236 0298 53 45 43           FCC    'SEC'
  237 029B 11 27              FDB    ADDR9
  238 029D 0D                 FCB    $0D
  239 029E 53 45 49           FCC    'SEI'
  240 02A1 11 27              FDB    ADDR9
  241 02A3 09                 FCB    $09
  242 02A4 53 45 56           FCC    'SEV'
  243 02A7 11 27              FDB    ADDR9
  244 02A9 0B                 FCB    $0B
  245 02AA 53 54 41           FCC    'STA'
  246 02AD 0F 4E              FDB    ADDR2
  247 02AF 07                 FCB    $07
  248 02B0 53 54 53           FCC    'STS'
  249 02B3 10 97              FDB    ADDR6
  250 02B5 8F                 FCB    $8F
  251 02B6 53 54 58           FCC    'STX'
  252 02B9 10 97              FDB    ADDR6
  253 02BB CF                 FCB    $CF
  254 02BC 53 55 42           FCC    'SUB'
  255 02BF 0E BD              FDB    ADDR1
  256 02C1 00                 FCB    $00
  257 02C2 53 57 49           FCC    'SWI'
  258 02C5 11 27              FDB    ADDR9
  259 02C7 3F                 FCB    $3F
  260 02C8 54 41 42           FCC    'TAB'
  261 02CB 11 27              FDB    ADDR9
  262 02CD 16                 FCB    $16
  263 02CE 54 41 50           FCC    'TAP'
  264 02D1 11 27              FDB    ADDR9
  265 02D3 06                 FCB    $06
  266 02D4 54 42 41           FCC    'TBA'
  267 02D7 11 27              FDB    ADDR9
  268 02D9 17                 FCB    $17
  269 02DA 54 50 41           FCC    'TPA'
  270 02DD 11 27              FDB    ADDR9
  271 02DF 07                 FCB    $07
  272 02E0 54 53 54           FCC    'TST'
  273 02E3 0F B6              FDB    ADDR3
  274 02E5 0D                 FCB    $0D
  275 02E6 54 53 58           FCC    'TSX'
  276 02E9 11 27              FDB    ADDR9
  277 02EB 30                 FCB    $30
  278 02EC 54 58 53           FCC    'TXS'
  279 02EF 11 27              FDB    ADDR9
  280 02F1 35                 FCB    $35
  281 02F2 57 41 49           FCC    'WAI'
  282 02F5 11 27              FDB    ADDR9
  283 02F7 3E                 FCB    $3E
  284                  * CHARACTER TABLE
  285                  *
  286 02F8 00          CHRTAB FCB    $00              SPACE
  287 02F9 00                 FCB    $00              !
  288 02FA 00                 FCB    $00              "
  289 02FB 04                 FCB    $04              #
  290 02FC 04                 FCB    $04              $
  291 02FD 04                 FCB    $04              %
  292 02FE 00                 FCB    $00              &
  293 02FF 04                 FCB    $04              '
  294 0300 00                 FCB    $00              (
  295 0301 00                 FCB    $00              )
  296 0302 24                 FCB    $24              ;*
  297 0303 24                 FCB    $24              ;+
  298 0304 04                 FCB    $04              ;,
  299 0305 24                 FCB    $24              ;-
  300 0306 80                 FCB    $80              .
  301 0307 24                 FCB    $24              ;/
  302 0308 42                 FCB    $42              0
  303 0309 42                 FCB    $42              1
  304 030A 42                 FCB    $42              2
  305 030B 42                 FCB    $42              3
  306 030C 42                 FCB    $42              4
  307 030D 42                 FCB    $42              5
  308 030E 42                 FCB    $42              6
  309 030F 42                 FCB    $42              7
  310 0310 42                 FCB    $42              8
  311 0311 42                 FCB    $42              9
  312 0312 00                 FCB    $00              :
  313 0313 00                 FCB    $00              ;
  314 0314 00                 FCB    $00              <
  315 0315 00                 FCB    $00              =
  316 0316 00                 FCB    $00              >
  317 0317 00                 FCB    $00              ?
  318 0318 80                 FCB    $80              @
  319 0319 83                 FCB    $83              A
  320 031A 83                 FCB    $83              B
  321 031B 82                 FCB    $82              C
  322 031C 82                 FCB    $82              D
  323 031D 82                 FCB    $82              E
  324 031E 82                 FCB    $82              F
  325 031F 80                 FCB    $80              G
  326 0320 80                 FCB    $80              H
  327 0321 80                 FCB    $80              I
  328 0322 80                 FCB    $80              J
  329 0323 80                 FCB    $80              K
  330 0324 80                 FCB    $80              L
  331 0325 80                 FCB    $80              M
  332 0326 80                 FCB    $80              N
  333 0327 80                 FCB    $80              O
  334 0328 80                 FCB    $80              P
  335 0329 80                 FCB    $80              Q
  336 032A 80                 FCB    $80              R
  337 032B 80                 FCB    $80              S
  338 032C 80                 FCB    $80              T
  339 032D 80                 FCB    $80              U
  340 032E 80                 FCB    $80              V
  341 032F 80                 FCB    $80              W
  342 0330 81                 FCB    $81              X
  343 0331 80                 FCB    $80              Y
  344 0332 80                 FCB    $80              Z
  345 0333 00                 FCB    $00              [
  346 0334 00                 FCB    $00              BACK SLASH
  347 0335 00                 FCB    $00              ]
  348 0336 00                 FCB    $00              CAROT
  349 0337 00                 FCB    $00              UNDERLINE
  350                  *
  351                  * MAIN PROGRAM LOOP
  352                  *
  353                  *
  354 0338 7E 1967     TABLES JMP    ETABL            ENT TABLES
  355 033B 7E 1933     UPDATE JMP    EUPDT            ENT UPDATE
  356 033E 7E 1936     MONTOR JMP    EMON             ENT MONTOR
  357 0341 7E 192A     GETB   JMP    EGETB            ENT GETB
  358 0344 7E 192D     OUTB   JMP    EOUTB            ENT OUTB
  359 0347 7E 1929     INITIO JMP    EINIIO           ENT INITIO
  360 034A 7E 1930     RESTR  JMP    EREST            ENT RESTR
  361                  *
  362                  *
  363 034D             MACTBL RMB    2                MACRO TABLE
  364 034F             MACEND RMB    2                MACRO TABLE END
  365 0351             MACSTK RMB    2                MACRO STACK
  366 0353             SYMTAB RMB    2                SYMBOL TABLE
  367 0355             NSYM   RMB    2                NUMBER OF SYMBOLS
  368 0357             SYMEND RMB    2                SYMTAB END
  369                  *
  370                  *
  371 0359             OPTNS  RMB    1                OPTIONS
  372 035A             LNUM   RMB    2                LINE NUMBER
  373 035C             TSTPH  RMB    2                PHASING ERR CHECK LOC
  374 035E             LC     RMB    2                LOCATION COUNTER
  375 0360             PASS   RMB    1
  376 0361             LBFLG  RMB    1                LABEL FLAG
  377 0362             RELFLG RMB    1                RELOCATION FLAG
  378 0363             CMNFLG RMB    1                COMMON FLAG
  379 0364             EXTFLG RMB    1                EXTERNAL FLAG
  380 0365             ENTFLG RMB    1                ENTRY FLAG
  381 0366             DESCRA RMB    2                DESCRIPTOR ADDRESS
  382 0368             DESCRC RMB    1                DESCRIPTOR COUNT
  383 0369             CUCHAR RMB    2                CURRENT CHARACTER ADDRESS
  384 036B             CULINE RMB    2                CURRENT LINE ADDRESS
  385 036D             SYMPTR RMB    2                SYMBOL TABLE POINTER
  386 036F             LCN    RMB    1                # OF IN INSTRUCTION
  387 0370             LSAVE  RMB    2                LC SAVE ADDRESS
  388 0372             LCOUNT RMB    1                # OF LINE ON A PAGE
  389 0373             ECOUNT RMB    2                ERROR COUNT
  390 0375             MSTKPT RMB    2                MACRO STACK POINTER
  391 0377             STKSAV RMB    2                MACSTK POINTER SAVE
  392 0379             MXSAV1 RMB    2                MACRO TEMP SAVE
  393 037B             MXSAV2 RMB    2                MACRO TEMP SAVE
  394 037D             MACLIN RMB    72               MACRO EXPANSION LINE AREA
  395 03C5             MACPAR RMB    50               MACRO PARAMETER AREA
  396 03F7             MACFLG RMB    1                MACRO FLAG
  397 03F8             MACPTR RMB    2                POINTER TO MACRO TABLE
  398 03FA             MACSAV RMB    2                MACRO X REG SAVE AREA
  399 03FC             MCLPTR RMB    2                MACLIN POINTER
  400 03FE             CMNLC  RMB    2                COMMON BLOCK LC
  401 0400             INLINE RMB    80               INPUT LINE
  402 0450                    RMB    16
  403      0460        IFSTK  EQU    *                IF STACK
  404 0460             IFSTKP RMB    2                IF STACK POINTER
  405 0462             IFFLG  RMB    1                IF FLAG
  406                  *
  407 0463 0A          OPTMSG FCB    10
  408 0464 0D                 FCB    13
  409 0465 4D 43 36 38        FCC    'MC6800 ASSEMBLER'
    + 0469 30 30 20 41
    + 046D 53 53 45 4D
    + 0471 42 4C 45 52
  410 0475 0A                 FCB    10
  411 0476 0D                 FCB    13
  412 0477 04                 FCB    4
  413                  *
  414                  *
  415 0478 7E 1959     OUTEEE JMP    EOUTCH           OUTPUT A CHAR TO TTY
  416                  *
  417                  *
  418                  *
  419                  *
  420                  * PASS 1 IS ENTRY POINT TO ASSEMBLER
  421                  *
  422                  *
  423 047B 7F 0360     PASS1  CLR    PASS             PASS := 1
  424 047E BD 0347            JSR    INITIO           INIT I/O
  425                  *
  426 0481 CE 0463     OPIN   LDX    #OPTMSG
  427 0484 BD 18EA            JSR    PDATA1
  428                  *
  429 0487 7F 0359            CLR    OPTNS
  430                  *       COM OPTNS        NL,NO,NM,NS
  431                  *
  432                  * CONFIGURE TABLES
  433                  *
  434 048A FE 0339            LDX    TABLES+1
  435 048D EE 00              LDX    0,X              GET START OF TABLES
  436 048F FF 034D            STX    MACTBL           INIT MACTBL
  437                  *
  438 0492 FF 08A0            STX    PSTNG1
  439 0495 CE 0800            LDX    #$0800
  440 0498 FF 08A2            STX    PSTNG2
  441 049B CE 08A0            LDX    #PSTNG1
  442 049E BD 0CA9            JSR    ADD16
  443 04A1 FE 08A0            LDX    PSTNG1
  444 04A4 FF 034F            STX    MACEND           INIT MACEND
  445                  *
  446 04A7 CE 0100            LDX    #$0100
  447 04AA FF 08A2            STX    PSTNG2
  448 04AD CE 08A0            LDX    #PSTNG1
  449 04B0 BD 0CA9            JSR    ADD16
  450 04B3 FE 08A0            LDX    PSTNG1
  451 04B6 FF 0351            STX    MACSTK           INIT MACSTK
  452                  *
  453 04B9 08                 INX
  454 04BA FF 0353            STX    SYMTAB           INIT SYMTAB
  455                  *
  456 04BD FF 08A2            STX    PSTNG2
  457 04C0 CE 7FFF            LDX    #$7FFF           32K SYSTEM
  458 04C3 FF 08A0            STX    PSTNG1
  459 04C6 CE 08A0            LDX    #PSTNG1
  460 04C9 BD 0CBA            JSR    SUB16
  461 04CC B6 08A0            LDAA   PSTNG1
  462 04CF F6 08A1            LDAB   PSTNG1+1
  463 04D2 CE 0009            LDX    #0009
  464 04D5 FF 08A2            STX    PSTNG2
  465 04D8 CE 08A2            LDX    #PSTNG2
  466 04DB BD 0C5E            JSR    DIV16
  467 04DE B7 0355            STAA   NSYM
  468 04E1 F7 0356            STAB   NSYM+1           INIT NSYM (NUMBER OF SYMBOLS)
  469                  *
  470 04E4 CE 0009            LDX    #$0009
  471 04E7 FF 08A0            STX    PSTNG1
  472 04EA CE 08A0            LDX    #PSTNG1
  473 04ED BD 0C3A            JSR    MPY16
  474 04F0 B7 08A0            STAA   PSTNG1
  475 04F3 F7 08A1            STAB   PSTNG1+1
  476 04F6 FE 0353            LDX    SYMTAB
  477 04F9 FF 08A2            STX    PSTNG2
  478 04FC CE 08A0            LDX    #PSTNG1
  479 04FF BD 0CA9            JSR    ADD16
  480 0502 FE 08A0            LDX    PSTNG1
  481 0505 FF 0357            STX    SYMEND
  482                  *
  483 0508 86 20              LDAA   #$20             BLANKS TO SYMTAB (SYMBOL TABLE)
  484 050A FE 0353            LDX    SYMTAB           POINT TO SYMTAB
  485 050D A7 00              STAA   0,X              BLANK LOCATION
  486 050F 08                 INX                     BUMP POINTER
  487 0510 BC 0357            CPX    SYMEND           ALL DONE?
  488 0513 26 F8              BNE    *-6              NO
  489                  *
  490 0515 CE 0000            LDX    #$0000
  491 0518 FF 035C            STX    TSTPH            CLEAR TSTPH
  492 051B FF 0373            STX    ECOUNT           CLEAR ECOUNT (ERRORS COUNT)
  493 051E CE 0000            LDX    #$0000
  494 0521 FF 03FE            STX    CMNLC            INIT COMMON LC
  495                  *
  496 0524 BD 1149     PASS2  JSR    ADRINT           CLEAR FLAGS
  497 0527 7F 0372            CLR    LCOUNT           LCOUNT := 0
  498 052A FE 034D            LDX    MACTBL           INIT MACPTR (MACRO TABLE POINTER)
  499 052D FF 03F8            STX    MACPTR
  500 0530 7F 03F7            CLR    MACFLG           MODE := NOT-MACRO
  501 0533 FE 0351            LDX    MACSTK           INIT MACRO STACK POINTER
  502 0536 FF 0375            STX    MSTKPT
  503 0539 86 FF              LDAA   #$FF
  504 053B B7 0462            STAA   IFFLG            INIT TO ASSEMBLE
  505 053E CE 0460            LDX    #IFSTK
  506 0541 FF 0460            STX    IFSTKP           INIT IFSTK POINTER
  507 0544 CE 0000            LDX    #$0000
  508 0547 FF 035E            STX    LC               INIT LC
  509 054A FF 035A            STX    LNUM             INIT LINE NUMBERS
  510                  *
  511                  * MAIN IS THE DRIVER SECTION OE TOP LEVEL
  512                  *      OF THE ASSEMBLER
  513                  *
  514 054D BD 0625     MAIN1  JSR    RDLINE           GET A LINE OF SOURCE
  515 0550 7F 0361            CLR    LBFLG            SET FLAG TO NO LABEL
  516 0553 FE 035A            LDX    LNUM
  517 0556 08                 INX
  518 0557 FF 035A            STX    LNUM             BUMP LNUM
  519 055A FE 036B            LDX    CULINE           POINT TO LINE
  520 055D A6 00              LDAA   0,X              GET COL 1
  521 055F 81 2A              CMPA   #$2A             COMMENT? (* CHAR)
  522 0561 26 08              BNE    MAIN3            NO
  523                  *
  524                  * HANDLE COMMENT LINE
  525                  *
  526 0563 BD 1149     MAIN1A JSR    ADRINT           CLEAR PRINT FLAGS
  527 0566 BD 0CCB            JSR    PRINTL           PRINT THE LINE
  528 0569 20 E2              BRA    MAIN1            GET ANOTHER LINE
  529                  *
  530 056B 7D 0462     MAIN3  TST    IFFLG            ASSEMBLING?
  531 056E 26 22              BNE    MAIN3C           YES
  532                  *
  533 0570 81 20              CMPA   #$20             COL 1 BLANK?
  534 0572 27 03              BEQ    MAIN3A           YES
  535                  *
  536 0574 BD 07B3            JSR    NXTOK            SCAN OVER LABEL
  537 0577 BD 07B3     MAIN3A JSR    NXTOK            GET MNEMONIC
  538 057A B6 0368            LDAA   DESCRC           GET COUNT
  539 057D 81 03              CMPA   #3               IS <=3?
  540 057F 22 E2              BHI    MAIN1A           NO PRINT THE LINE
  541                  *
  542 0581 BD 09FD            JSR    MNLKP            SEARCH mbtab (MNEMONICs TABLE)
  543 0584 8C 1595            CPX    #POIF            IF ?
  544 0587 27 07              BEQ    MAIN3B           YES
  545                  *
  546 0589 8C 16F5            CPX    #PONIF           NIF?
  547 058C 27 02              BEQ    MAIN3B           YES
  548                  *
  549 058E 20 D3              BRA    MAIN1A           NEITHER
  550                  *
  551 0590 6E 00       MAIN3B JMP    0,X              GOTO IF OR NIF PROCESSING ROUTINE
  552                  *
  553 0592 81 20       MAIN3C CMPA   #$20             COL 1 BLANK?
  554 0594 27 1D              BEQ    MAIN5            YES (THERE IS NO LABEL)
  555                  *
  556 0596 BD 07B3            JSR    NXTOK            GET LABEL
  557 0599 C1 01              CMPB   #$01             OK?
  558 059B 27 0B              BEQ    MAIN4            YES
  559                  *
  560 059D CE 0205            LDX    #$0205           ERROR
  561 05A0 BD 0E78            JSR    PRINTE
  562 05A3 BD 0CCB            JSR    PRINTL           PRINT LINE
  563 05A6 20 A5              BRA    MAIN1
  564                  *
  565 05A8 7C 0361     MAIN4  INC    LBFLG            SET LABEL FLAG
  566 05AB 7D 0360            TST    PASS             PASS?
  567 05AE 26 03              BNE    MAIN5            PASS2
  568                  *
  569 05B0 BD 08B5            JSR    STOSYM           STORE LABEL IN SYMTAB
  570                  *
  571 05B3 BD 07B3     MAIN5  JSR    NXTOK            GET MNEMONIC
  572 05B6 C1 01              CMPB   #$01             OK?
  573 05B8 27 0B              BEQ    MAIN7            YES
  574                  *
  575 05BA CE 0202     MAIN6  LDX    #$0202           ERROR
  576 05BD BD 0E78            JSR    PRINTE
  577 05C0 BD 0CCB            JSR    PRINTL           PRINT LINE
  578 05C3 20 88              BRA    MAIN1
  579                  *
  580 05C5 BD 09FD     MAIN7  JSR    MNLKP            SEARCH MBTAB (MNEMONICS TABLE)
  581 05C8 81 00              CMPA   #$00             IN THE MNTAB?
  582 05CA 27 2D              BEQ    MAIN9            YES
  583                  *
  584 05CC BD 0914            JSR    LKPSYM           MACRO NAME?
  585 05CF C1 FF              CMPB   #$FF             IN SYMTAB?
  586 05D1 27 28              BEQ    MAIN8            NO, ERROR
  587                  *
  588 05D3 C5 20              BITB   #$20             MACRO NAME?
  589 05D5 27 24              BEQ    MAIN8            NO, ERROR
  590                  *
  591                  *
  592 05D7 7D 03F7            TST    MACFLG           MACRO MODE?
  593 05DA 27 08              BEQ    MAIN7A           NO
  594                  *
  595                  * PUSH PRESENT MACRO ONTO MACSTACK
  596                  *
  597 05DC BD 06F4            JSR    MACPSH
  598 05DF 7D 03F7            TST    MACFLG           ERRORS?
  599 05E2 27 20              BEQ    MAIN13           YES
  600                  *
  601 05E4 FF 03F8     MAIN7A STX    MACPTR           SAVE MACRO LOC IN MACTBL
  602 05E7 BD 0CCB            JSR    PRINTL
  603 05EA 7C 03F7            INC    MACFLG           MODE := MACRO
  604                  *
  605 05ED BD 07B3            JSR    NXTOK            PARAM?
  606 05F0 C1 0D              CMPB   #$0D
  607 05F2 26 13              BNE    MAIN12           YES, SAVE THEM
  608                  *
  609 05F4 F7 03C5            STAB   MACPAR           NO, CR TO MACPAR
  610 05F7 20 0B              BRA    MAIN13
  611                  *
  612 05F9 6E 00       MAIN9  JMP    0,X              GO TO ROUTINE
  613                  *
  614 05FB CE 0207     MAIN8  LDX    #$0207           ERROR
  615 05FE BD 0E78            JSR    PRINTE           PRINT it
  616 0601 BD 0CCB     MAIN10 JSR    PRINTL           PRINT LINE NUMBER
  617 0604 7E 054D     MAIN13 JMP    MAIN1            PROCESS NEXT LINE
  618                  *
  619                  * MOVE PARAMS ON MACRO CALL TO MACPAR
  620                  *
  621 0607 CE 03C5     MAIN12 LDX    #MACPAR
  622 060A FF 03FA            STX    MACSAV           INIT POINTER
  623                  *
  624 060D FE 0366     MAIN11 LDX    DESCRA           POINT TO PARAMS
  625 0610 A6 00              LDAA   0,X              GET A CHAR
  626 0612 08                 INX
  627 0613 FF 0366            STX    DESCRA           SAVE POINTER
  628                  *
  629 0616 FE 03FA            LDX    MACSAV           GET POINTER
  630 0619 A7 00              STAA   0,X              MOVE CHAR
  631 061B 08                 INX
  632 061C FF 03FA            STX    MACSAV           SAVE POINTER
  633                  *
  634 061F 81 0D              CMPA   #$0D             EOL?
  635 0621 26 EA              BNE    MAIN11           NO
  636                  *
  637 0623 20 DF              BRA    MAIN13           YES
  638                  *
  639                  * GET A LINE OF SOURCE FROM INBUF *
  640                  * RETURNS ADDRESS OF LINE IN CULINE *
  641                  * CUCHAR:=ADDRESS OF FIRST CHARACTER*
  642                  *
  643 0625 7D 03F7     RDLINE TST    MACFLG           MACRO MODE?
  644 0628 27 09              BEQ    RDLINA           NO
  645                  *
  646 062A BD 0662            JSR    RDMAC            EXPAND MACRO
  647                  *
  648 062D 7D 03F7            TST    MACFLG           MACRO FULLY EXPANDED?
  649 0630 27 01              BEQ    RDLINA           YES
  650                  *
  651 0632 39                 RTS
  652                  *
  653 0633 CE 0400     RDLINA LDX    #INLINE
  654 0636 FF 0369            STX    CUCHAR
  655 0639 FF 036B            STX    CULINE
  656                  *
  657 063C BD 0341     RDL1   JSR    GETB
  658 063F 24 06              BCC    RDL1A
  659                  *
  660 0641 8E A042            LDS    #STACK           FLUSH STACK, EOF
  661 0644 7E 1290            JMP    POEND0
  662                  *
  663 0647 81 0A       RDL1A  CMPA   #$0A             LF?
  664 0649 27 F1              BEQ    RDL1             YES
  665                  *
  666 064B 81 00              CMPA   #$00             NULLS?
  667 064D 27 ED              BEQ    RDL1             YES
  668                  *
  669 064F 8C 044F            CPX    #INLINE+79       LINE TO LONG?
  670 0652 27 05              BEQ    RDL2             YES
  671                  *
  672 0654 A7 00              STAA   0,X              STORE CHARACTER
  673 0656 08                 INX
  674 0657 20 04              BRA    RDL3
  675                  *
  676 0659 C6 0D       RDL2   LDAB   #$0D             TRUNCATE LINE
  677 065B E7 00              STAB   0,X
  678                  *
  679 065D 81 0D       RDL3   CMPA   #$0D             CR?
  680 065F 26 DB              BNE    RDL1             NO
  681                  *
  682 0661 39                 RTS
  683                  *
  684                  * RDMAC: EXPAND MACRO CALLS
  685                  *
  686 0662 FE 03F8     RDMAC  LDX    MACPTR
  687 0665 A6 00              LDAA   0,X              GET CHAR
  688 0667 81 17              CMPA   #$17             ETB?
  689 0669 26 0B              BNE    RDMAC1           NO
  690                  *
  691 066B 7A 03F7            DEC    MACFLG           DEC MODE COUNT
  692 066E 27 05              BEQ    RDMAC0           NO MORE MACROS
  693                  *
  694                  * PULL UP LAST MACRO STACKED
  695                  *
  696 0670 BD 0758            JSR    MACPUL
  697 0673 20 ED              BRA    RDMAC
  698                  *
  699 0675 39          RDMAC0 RTS
  700                  *
  701 0676 CE 037D     RDMAC1 LDX    #MACLIN          POINT TO MACRO EXPANDAREA
  702 0679 FF 036B            STX    CULINE           INIT
  703 067C FF 0369            STX    CUCHAR           INIT
  704 067F FF 03FC            STX    MCLPTR           INIT
  705                  *
  706 0682 FE 03F8     RDMAC2 LDX    MACPTR           POINT TO MACRO DEFINITION
  707 0685 A6 00              LDAA   0,X
  708 0687 08                 INX
  709                  *
  710 0688 FF 03F8            STX    MACPTR
  711 068B 81 26              CMPA   #'&'             MACRO PARM?
  712 068D 27 13              BEQ    RDMAC3           YES
  713                  *
  714 068F FE 03FC            LDX    MCLPTR           POINT TO MACLIN
  715 0692 A7 00              STAA   0,X              MOVE CHAR TO MACLIN
  716 0694 08                 INX
  717 0695 FF 03FC            STX    MCLPTR           SAVE POINTER
  718 0698 8C 03C4            CPX    #MACLIN+71       OVERFLOW?
  719 069B 27 4B              BEQ    RDMERR           YES
  720                  *
  721 069D 81 0D              CMPA   #$0D             EOL?
  722 069F 26 E1              BNE    RDMAC2           NO
  723 06A1 39                 RTS                     ALL DONE
  724                  *
  725                  * SUBSTITUTE POSITIONAL PARAMS
  726                  *
  727 06A2 E6 00       RDMAC3 LDAB   0,X              GET POSITIONAL # OF PARAM
  728 06A4 80 2F              SUBA   #$2F             CONVERT TO BINARY
  729 06A6 08                 INX                     SKIP OVER POS#
  730 06A7 FF 03F8            STX    MACPTR
  731 06AA CE 03C5            LDX    #MACPAR          POINT TO PARMS FROM CALL
  732                  *
  733                  * SCAN OVER PARAMS
  734                  *
  735 06AD FF 03FA     RDMAC6 STX    MACSAV           SAVE
  736                  *
  737 06B0 A6 00       RDMAC4 LDAA   0,X              GET A CHARACTER
  738 06B2 08                 INX
  739 06B3 81 2C              CMPA   #','             END OF PARAM?
  740 06B5 27 04              BEQ    RDMAC7           YES
  741                  *
  742 06B7 81 0D              CMPA   #$0D             EOL?
  743 06B9 26 F5              BNE    RDMAC4           NO
  744                  *
  745 06BB 5A          RDMAC7 DECB                    FOUND PARAM?
  746 06BC 26 EF              BNE    RDMAC6           NO
  747                  *
  748 06BE FE 03FA            LDX    MACSAV           POINT TO PARAMETER
  749 06C1 A6 00              LDAA   0,X              FOUND PARAM, GET CHAR
  750 06C3 08                 INX
  751 06C4 FF 03FA            STX    MACSAV           SAVE POINTER
  752                  *
  753 06C7 FE 03FC     RDMAC5 LDX    MCLPTR           POINT TO MACLIN
  754 06CA A7 00              STAA   0,X              MOVE CHAR
  755 06CC 08                 INX
  756 06CD FF 03FC            STX    MCLPTR           SAVE POINTER
  757 06D0 8C 03C4            CPX    #MACLIN+71       OVERFLOW?
  758 06D3 27 13              BEQ    RDMERR           YES
  759                  *
  760                  *
  761 06D5 FE 03FA            LDX    MACSAV           POINT TO MACPAR
  762 06D8 A6 00              LDAA   0,X              GET NEXT CHAR
  763 06DA 08                 INX
  764 06DB FF 03FA            STX    MACSAV           SAVE
  765 06DE 81 2C              CMPA   #','             END OF PARAM?
  766 06E0 27 A0              BEQ    RDMAC2           YES
  767                  *
  768 06E2 81 0D              CMPA   #$0D             EOL?
  769 06E4 26 E1              BNE    RDMAC5           NO
  770                  *
  771 06E6 20 9A              BRA    RDMAC2
  772                  *
  773 06E8 86 0D       RDMERR LDAA   #$0D             END LINE
  774 06EA A7 00              STAA   0,X
  775 06EC CE 0203            LDX    #$0203           ERROR MESSAGE
  776 06EF BD 0E78            JSR    PRINTE
  777 06F2 20 8E              BRA    RDMAC2
  778                  *
  779                  * PUSH A MACRO ONTO THE MACRO STACK
  780                  *
  781 06F4 FF 0379     MACPSH STX    MXSAV1           SAVE X-REG
  782 06F7 BF 0377            STS    STKSAV           SAVE STACK POINTER
  783 06FA BE 0375            LDS    MSTKPT           LOAD MACRO STACK POINTER
  784                  *
  785                  * PUSH MCLPTR,MACSAV,MACPTR ONTO STACK
  786                  *
  787 06FD CE 03FD            LDX    #MCLPTR+1
  788 0700 C6 06              LDAB   #6
  789                  *
  790 0702 A6 00       MPSH1  LDAA   0,X              GET A BYTE
  791 0704 09                 DEX
  792 0705 FF 037B            STX    MXSAV2           SAVE POINTER
  793 0708 30                 TSX                     X:=STKPTR+1
  794 0709 09                 DEX
  795 070A BC 034F            CPX    MACEND           END OF STACK?
  796 070D 27 33              BEQ    MPSH5            YES, ERROR
  797                  *
  798 070F FE 037B            LDX    MXSAV2           RESTORE POINTER
  799 0712 36                 PSHA                    PUSH A BYTE ONTO STACK
  800 0713 5A                 DECB                    ALL DONE?
  801 0714 26 EC              BNE    MPSH1            NO
  802                  *
  803                  * PUSH MACPAR IN REVERSE ORDER
  804                  *
  805 0716 CE 03C5            LDX    #MACPAR
  806                  *
  807 0719 A6 00       MPSH2  LDAA   0,X              FIND EOL
  808 071B 81 0D              CMPA   #$0D             EOL?
  809 071D 27 03              BEQ    MPSH3            YES
  810                  *
  811 071F 08                 INX
  812 0720 20 F7              BRA    MPSH2
  813                  *
  814 0722 A6 00       MPSH3  LDAA   0,X              GET A BYTE
  815 0724 FF 037B            STX    MXSAV2           SAVE POINTER
  816 0727 30                 TSX                     X:=STKPTR+1
  817 0728 09                 DEX
  818 0729 BC 034F            CPX    MACEND           END OF STACK?
  819 072C 27 14              BEQ    MPSH5            YES, ERROR
  820                  *
  821 072E FE 037B            LDX    MXSAV2           RESTORE POINTER
  822 0731 36                 PSHA                    PUT ON STACK
  823 0732 09                 DEX                     POINT TO NEXT CHAR
  824 0733 8C 03C4            CPX    #MACPAR-1        ALL DONE?
  825 0736 26 EA              BNE    MPSH3            NO
  826                  *
  827 0738 BF 0375            STS    MSTKPT           SAVE STACK POINTER
  828 073B BE 0377            LDS    STKSAV           RESTORE STACK
  829 073E FE 0379            LDX    MXSAV1           RESTORE X-REGISTER
  830 0741 39                 RTS
  831                  *
  832                  * MACRO NESTING OVERFLOW ERROR
  833                  *
  834 0742 BE 0351     MPSH5  LDS    MACSTK           FLUSH STACK
  835 0745 BF 0375            STS    MSTKPT
  836 0748 BE 0377            LDS    STKSAV
  837 074B CE 0251            LDX    #$0251           ERROR NUMBER
  838 074E BD 0E78            JSR    PRINTE
  839 0751 FE 0379            LDX    MXSAV1           RESTORE X-REG
  840 0754 7F 03F7            CLR    MACFLG           GET OUT OF MACRO MODE
  841 0757 39                 RTS
  842                  *
  843                  * PULL A MACRO FROM STACK
  844                  *
  845 0758 FF 0379     MACPUL STX    MXSAV1           SAVE X-REG
  846 075B BF 0377            STS    STKSAV           SAVE STACK POINTER
  847 075E BE 0375            LDS    MSTKPT           LOAD MACRO STACK POINTER
  848                  *
  849                  * PULL MACPAR OFF OF THW FROM STACK
  850                  *
  851 0761 CE 03C5            LDX    #MACPAR
  852                  *
  853 0764 32          MPUL1  PULA                    PULL A CHAR
  854 0765 A7 00              STAA   0,X              SAVE IN MACPAR
  855 0767 08                 INX
  856 0768 81 0D              CMPA   #$0D             EOL?
  857 076A 26 F8              BNE    MPUL1            NO
  858                  *
  859                  * PULL MACPTR,MACSAV,MCLPTR
  860                  *
  861 076C CE 03F8            LDX    #MACPTR
  862 076F C6 06              LDAB   #6
  863                  *
  864 0771 32          MPUL2  PULA                    PULL A CHARACTER
  865 0772 A7 00              STAA   0,X              SAVE
  866 0774 08                 INX
  867 0775 5A                 DECB
  868 0776 26 F9              BNE    MPUL2            NOT DONE
  869                  *
  870 0778 BF 0375            STS    MSTKPT           SAVE MACRO STACK POINTER
  871 077B BE 0377            LDS    STKSAV           RESTORE STACK POINTER
  872 077E FE 0379            LDX    MXSAV1           RESTORE X-REG
  873 0781 39                 RTS
  874                  *
  875                  * COMPARE TWO STRINGS *
  876                  *
  877                  * ON ENTRY (X) = A PRAM LIST OF 5 BYTES *
  878                  *    ADDR(STRING1)
  879                  *    ADDR(STRING2)
  880                  *    COUNT OF # BYTES TO BE COMPARED
  881                  *
  882                  * ON RETURN IF CC Z BIT IS SET THERE IS A MATCH
  883                  *    EXAMPLE :
  884                  *          LDX #STRING1
  885                  *          JSR COMPAR
  886                  *          BEQ ------   MATCH
  887                  *
  888                  *    STRING1 RMB 2
  889                  *    STRING2 RMB 2
  890                  *    COUNT   RMB 1
  891                  *
  892 0782 36          COMPAR PSHA
  893 0783 37                 PSHB
  894 0784 E6 04              LDAB   4,X              GET COUNT
  895 0786 FF 07B1            STX    XSAV             SAVE PARAM POINTER
  896 0789 FE 07B1     CMP1   LDX    XSAV             GET PARAM POINTER
  897 078C EE 00              LDX    0,X              GET ADDR(STRING1)
  898 078E A6 00              LDAA   0,X              GET CHARACTER
  899 0790 FE 07B1            LDX    XSAV             GET PTR
  900 0793 6C 01              INC    1,X              PTR SET TO NEXT
  901 0795 26 02              BNE    CMP2             CHAR IN
  902 0797 6C 00              INC    0,X              STRING1
  903 0799 FE 07B1     CMP2   LDX    XSAV             GET PARAM POINTER
  904 079C EE 02              LDX    2,X              GET ADDR(STRING2)
  905 079E A1 00              CMPA   0,X              COMPARE
  906 07A0 26 0C              BNE    CDONE            NOT EQUAL
  907 07A2 FE 07B1            LDX    XSAV             GET PARAM POINTER
  908 07A5 6C 03              INC    3,X              PTR SET TO NEXT
  909 07A7 26 02              BNE    CMP3             CHAR IN
  910 07A9 6C 02              INC    2,X              STRING2
  911 07AB 5A          CMP3   DECB                    DECREMENT COUNTER
  912 07AC 26 DB              BNE    CMP1             TRY AGAIN
  913 07AE 33          CDONE  PULB                    DONE
  914 07AF 32                 PULA
  915 07B0 39                 RTS
  916                  *
  917 07B1             XSAV   RMB    2                PARAM PTR SAVE AREA
  918                  *
  919                  * NEXT TOKEN ROUTINE
  920                  * SCANS A LINE OF SOURCE CODE AND RETURNS
  921                  * THE NEXT TOKEN, CLASS &RC IN REGS A,B
  922                  * THE ADDRESS OF THE TOKEN IS RETURNED IN
  923                  * DESCRA AND THE NUM OF BYTES IN THE TOKEN IS
  924                  * THE RC AND CLASS ARE:
  925                  *
  926                  *   TYPE    RC(B)    CLASS(A)
  927                  *
  928                  * NAME       01        02        SUBSTRINGS
  929                  * HEX        03        02
  930                  * DECIMAL    09        02
  931                  *
  932                  * #          23        04        DELIMITERS
  933                  * ,          2C        04
  934                  * '          27        04
  935                  *
  936                  * *          2A        24        ARITHMETIC
  937                  * /          2F        24
  938                  * +          2B        24
  939                  * -          2D        24
  940                  *
  941                  * A          41        01        A,B,X REGS
  942                  * B          42        01
  943                  * X          58        01
  944                  *
  945                  * CR         0D        0D        EOL
  946                  *
  947                  * ERROR      00        00        ERRORS
  948                  *
  949                  *
  950 07B3 7F 0368     NXTOK  CLR    DESCRC
  951 07B6 7C 0368            INC    DESCRC           DESCRC := 1
  952 07B9 FE 0369     NXT0   LDX    CUCHAR           POINT TO CURRENT CHAR
  953 07BC FF 0366            STX    DESCRA           INIT DESCRA
  954 07BF A6 00              LDAA   0,X              GET CHAR
  955 07C1 08                 INX
  956 07C2 FF 0369            STX    CUCHAR           POINT TO NEXT CHAR
  957 07C5 81 20              CMPA   #$20             LESS THAN 20 HEX? (SPACE)
  958 07C7 27 F0              BEQ    NXT0             BLANK,SKIP OVER
  959 07C9 22 06              BHI    NXT1             IS > 20
  960                  *
  961 07CB 81 0D              CMPA   #$0D             CR?
  962 07CD 26 47              BNE    NXTER            NO,UNRECOGNIZABLE CHAR
  963 07CF 16                 TAB                     YES, SET RC
  964 07D0 39                 RTS
  965                  *
  966 07D1 81 5F       NXT1   CMPA   #$5F             IS >5F?
  967 07D3 23 02              BLS    NXT3             NO
  968 07D5 20 3F              BRA    NXTER            YES,UNRECOGNIZABLE CHAR
  969                  *
  970 07D7 BD 0880     NXT3   JSR    GCHRTB           GET BYTE FROM CHARTAB
  971 07DA 85 01              BITA   #$01             A,B,X REG?
  972 07DC 27 13              BEQ    NXT4             NO
  973                  *
  974 07DE FE 0369            LDX    CUCHAR           YES,CHECK NEXT CHAR
  975 07E1 E6 00              LDAB   0,X
  976 07E3 C1 20              CMPB   #$20             BLANK?
  977 07E5 27 04              BEQ    NXT3A            YES
  978 07E7 C1 0D              CMPB   #$0D             EOL?
  979 07E9 26 0A              BNE    NXT4A            NO GOTO NSCAN
  980                  *
  981 07EB FE 0366     NXT3A  LDX    DESCRA           GET RC
  982 07EE E6 00              LDAB   0,X
  983 07F0 39                 RTS
  984                  *
  985 07F1 85 80       NXT4   BITA   #$80             NAME?
  986 07F3 27 04              BEQ    NXT5             NO
  987 07F5 BD 0830     NXT4A  JSR    NSCAN            YES SCAN NAME STRING
  988 07F8 39                 RTS
  989                  *
  990 07F9 85 40       NXT5   BITA   #$40             DECIMAL?
  991 07FB 27 04              BEQ    NXT6             NO
  992 07FD BD 0819            JSR    DSCAN            YES,SCAN DECIMAL STRING
  993 0800 39                 RTS
  994                  *
  995 0801 85 20       NXT6   BITA   #$20             ARITHMETIC?
  996 0803 26 E6              BNE    NXT3A            YES GET RC AND RETURN
  997                  *
  998 0805 85 04              BITA   #$04             DELIMITERS?
  999 0807 27 0D              BEQ    NXTER            NO,UNRCOGNIZABLE CHAR
 1000 0809 FE 0366            LDX    DESCRA           GET CHAR
 1001 080C E6 00              LDAB   0,X
 1002 080E C1 24              CMPB   #$24             IS ? (HEX)
 1003 0810 26 D9              BNE    NXT3A            NO,GET RC AND RTN
 1004                  *
 1005 0812 BD 0855            JSR    HSCAN            SCAN HEX STRING
 1006 0815 39                 RTS
 1007                  *
 1008 0816 4F          NXTER  CLRA                    TROUBLE,SET RC,CLASS=00
 1009 0817 5F                 CLRB
 1010 0818 39                 RTS
 1011                  *
 1012                  * DSCAN - SCAN DECIMAL STRING AND STOP AT
 1013                  * FIRST NON-DECMIAL CHARACTER.
 1014                  *
 1015 0819 FE 0369     DSCAN  LDX    CUCHAR           POINT TO NEXT CHAR
 1016 081C A6 00              LDAA   0,X              GET CHAR
 1017 081E 7C 0368            INC    DESCRC           INCR DESCRC COUNT
 1018 0821 08                 INX
 1019 0822 FF 0369            STX    CUCHAR           POINT TO NEXT CHAR
 1020 0825 BD 0880            JSR    GCHRTB           GET BYTE IN CHARTAB
 1021 0828 85 40              BITA   #$40             DECIMAL?
 1022 082A 26 ED              BNE    DSCAN            YES CONTINUE SCAN
 1023 082C C6 09              LDAB   #$09
 1024 082E 20 43              BRA    ENDSCN           RETURN
 1025                  *
 1026                  * NSCAN SCAN NAME STRING AND STOP AT
 1027                  * FIRST NON-ALPHANUMERIC CHAR
 1028                  *
 1029 0830 FE 0369     NSCAN  LDX    CUCHAR           POINT TO NEXT CHAR
 1030 0833 A6 00              LDAA   0,X              GET CHAR
 1031 0835 7C 0368            INC    DESCRC           INCR DESCRC COUNT
 1032 0838 08                 INX
 1033 0839 FF 0369            STX    CUCHAR           POINT TO NEXT CHAR
 1034 083C BD 0880            JSR    GCHRTB           GET BYTE FROM CHARTAB
 1035 083F 85 80              BITA   #$80             ALPHA?
 1036 0841 26 ED              BNE    NSCAN            YES CONTINUE SCAN
 1037 0843 85 40              BITA   #$40             NUMERIC?
 1038 0845 26 E9              BNE    NSCAN            YES CONTINUE SCAN
 1039 0847 C6 07              LDAB   #$07             NAME TO LONG?
 1040 0849 F1 0368            CMPB   DESCRC
 1041 084C 24 03              BCC    NSCANA           NO
 1042 084E F7 0368            STAB   DESCRC           YES,TRUNCATE
 1043 0851 C6 01       NSCANA LDAB   #$01             LOAD RC
 1044 0853 20 1E              BRA    ENDSCN           RETURN
 1045                  *
 1046                  * HSCAN - SCAN A STRING OF HEX DATA AND STOP
 1047                  * AT FIRST NON-HEXADECIMAL CHARACTER.
 1048                  *
 1049 0855 7F 0368     HSCAN  CLR    DESCRC           DESCRC:=0
 1050 0858 FE 0369            LDX    CUCHAR           POINT TO NEXT CHAR
 1051 085B FF 0366            STX    DESCRA           INIT DESCRA
 1052 085E FE 0369     HSCAN1 LDX    CUCHAR           POINT TO NEXT CHAR
 1053 0861 A6 00              LDAA   0,X              GET CHAR
 1054 0863 7C 0368            INC    DESCRC           INCR DESCRC COUNT
 1055 0866 08                 INX
 1056 0867 FF 0369            STX    CUCHAR           POINT TO NEXT CHAR
 1057 086A BD 0880            JSR    GCHRTB           GET BYTE FROM CHRTAB
 1058 086D 85 02              BITA   #$02             HEX?
 1059 086F 26 ED              BNE    HSCAN1           YES CONTINUE SCAN
 1060 0871 C6 03              LDAB   #$03
 1061                  *
 1062 0873 7A 0368     ENDSCN DEC    DESCRC           DESCRC := CORRECT COUNT
 1063 0876 FE 0369            LDX    CUCHAR
 1064 0879 09                 DEX
 1065 087A FF 0369            STX    CUCHAR           CUCHAR:= CORRECT VALUE
 1066 087D 86 02              LDAA   #$02             LOAD CLASS RC
 1067 087F 39                 RTS                     ALL DONE
 1068                  *
 1069                  * GET A BYTE FROM CHARACTER TABLE INDEXED BY
 1070                  * VALUE IN A REGISTER.
 1071                  *
 1072 0880 81 20       GCHRTB CMPA   #$20             VALID CHAR?
 1073 0882 25 16              BCS    GCHRTR           NO <20
 1074 0884 81 5F              CMPA   #$5F             VALID CHAR?
 1075 0886 22 12              BHI    GCHRTR           NO >5F
 1076                  *
 1077 0888 7F 089C            CLR    CHPTR            INIT PARAM
 1078 088B B7 089D            STAA   CHPTR+1          SAVE CHAR
 1079 088E CE 089C            LDX    #CHPTR           POINT TO PARAM
 1080 0891 BD 0CA9            JSR    ADD16            ADD IN BASE OF CHARTAB
 1081 0894 FE 089C            LDX    CHPTR            GET BYTE IN CHARTAB
 1082 0897 A6 00              LDAA   0,X
 1083 0899 39                 RTS
 1084                  *
 1085 089A 4F          GCHRTR CLRA
 1086 089B 39                 RTS
 1087                  *
 1088 089C             CHPTR  RMB    2                PARAM LIST
 1089 089E 02 D8              FDB    CHRTAB-$20
 1090                  *
 1091                  * TABLE MANIPULATION ROUTINES FOR TABLES
 1092                  * SYMTAB AND MNTAB
 1093                  *
 1094                  * STORAGE LOCATIONS USED BY ROUTINES:
 1095                  *
 1096 08A0             PSTNG1 RMB    2                ADDRESS OF MENMONIC
 1097 08A2             PSTNG2 RMB    2                ADDRESS IN THE TABLE
 1098 08A4             PCOUNT RMB    1                LENGTH OF MNEMONIC
 1099 08A5             TBADD  RMB    2                TABLE POINTER
 1100 08A7             HSMBL  RMB    6                SYMBOL TEMP LOC
 1101 08AD             HKEYA  RMB    2                HASHED CODE
 1102 08AF             HKEYB  RMB    2                TEMP LOC FOR HASHED CODE
 1103 08B1             HSAV1  RMB    2                TEMP LOC FOR PTR
 1104 08B3             HSAV2  RMB    2                TEMP LOC FOR PTR
 1105                  *
 1106                  *
 1107                  * STORE A SYMBOL IN SYMTAB (SYMBOL TABLE)
 1108                  * ON ENTRY DESCRA CONTAINS THE ADDRESS OF
 1109                  * THE SYMBOL, AND DESCRC CONTAINS THE LENGTH
 1110                  * A STANDARD HASH CODE ALGORITHM IS USED
 1111                  *
 1112 08B5 BD 0976     STOSYM JSR    HASH             GET HASHED KEY
 1113 08B8 FF 036D            STX    SYMPTR           SAVE
 1114                  *
 1115                  * SEE IF LOC(HASH KEY) IS EMPTY
 1116                  *
 1117 08BB A6 00       SYMA   LDAA   0,X              GET FIRST CHARACTER
 1118 08BD 81 20              CMPA   #$20             BLANK?
 1119 08BF 26 2F              BNE    SYMB             NO
 1120                  *
 1121                  * STORE SYMBOL IN SYMTAB
 1122                  *
 1123 08C1 FF 08B3            STX    HSAV2            SAVE TABLE POINTER
 1124 08C4 CE 08A7            LDX    #HSMBL           POINT TO HSMBL
 1125 08C7 FF 08B1            STX    HSAV1            SAVE
 1126 08CA C6 06              LDAB   #6               LOAD SYMBOL LENGTH
 1127                  *
 1128                  * DO TRANSFER
 1129                  *
 1130 08CC FE 08B1     SYM1   LDX    HSAV1            POINT TO HSYMBL
 1131 08CF A6 00              LDAA   0,X              GET CHAR
 1132 08D1 08                 INX
 1133 08D2 FF 08B1            STX    HSAV1            POINT TO NEXT CHAR
 1134 08D5 FE 08B3            LDX    HSAV2            POINT TO TABLE SPACE
 1135 08D8 A7 00              STAA   0,X              STORE CHAR IN SYMTAB
 1136 08DA 08                 INX
 1137 08DB FF 08B3            STX    HSAV2            POINT TO NEXT POS
 1138 08DE 5A                 DECB                    ALL DONE?
 1139 08DF 26 EB              BNE    SYM1             NO
 1140                  *
 1141                  * STORE STORE LC, AND SET INFO BYTE
 1142                  *
 1143 08E1 B6 035E            LDAA   LC               GET LC
 1144 08E4 A7 00              STAA   0,X              STORE
 1145 08E6 B6 035F            LDAA   LC+1             GET LS BYTE OF LC
 1146 08E9 A7 01              STAA   1,X              STORE
 1147 08EB 86 40              LDAA   #$40             INFO BYTE:=RELOC,DEFINED
 1148 08ED A7 02              STAA   2,X
 1149 08EF 39                 RTS                     RETURN
 1150                  *
 1151                  * COMPARE HSMBL WITH ENTRY IN SYMTAB
 1152                  *
 1153 08F0 BD 093B     SYMB   JSR    SYMCMP           COMPARE
 1154 08F3 26 10              BNE    SYMC             NO MATCH
 1155                  *
 1156                  * ERROR, SYMBOL ALREADY IN TABLE
 1157                  *
 1158 08F5 FE 036D            LDX    SYMPTR           GET ADDRESS OF ENTRY
 1159 08F8 86 80              LDAA   #$80
 1160 08FA AA 08              ORAA   8,X              SET REDEFINED BIT
 1161 08FC A7 08              STAA   8,X
 1162 08FE CE 0206            LDX    #$0206           LOAD ERROR NUMBER
 1163 0901 BD 0E78     SYMB1  JSR    PRINTE           PRINT IT
 1164 0904 39                 RTS                     RETURN
 1165                  *
 1166                  * FIND ANOTHER SLOT IN SYMTAB FOR SYMBOL
 1167                  *
 1168 0905 BD 0950     SYMC   JSR    SYMMOD           GET ADDR(NEXT SLOT)
 1169 0908 BC 08AD            CPX    HKEYA            CHECKED ALREADY?
 1170 090B 27 02              BEQ    *+4              YES,TABLE IS FULL
 1171                  *
 1172 090D 20 AC              BRA    SYMA             TRY AGAIN
 1173                  *
 1174 090F CE 0221            LDX    #$0221           LOAD ERROR NUMBER
 1175 0912 20 ED              BRA    SYMB1            PRINT IT & RETURN
 1176                  *
 1177                  * LOOK UP SYMBOL IN SYMTAB
 1178                  * ON ENTRY DESCRA = ADDRESS OF SYMBOL
 1179                  *          DESCRC = SYMBOL LENGTH
 1180                  * ON RETURN B = VALUE OF INFO BYTE
 1181                  *             = FF SYMBOL NOT FOUND
 1182                  *           X = VALUE OF SYMBOL
 1183                  *
 1184                  *
 1185 0914 BD 0976     LKPSYM JSR    HASH             GET KEY
 1186 0917 FF 036D            STX    SYMPTR           SAVE
 1187                  *
 1188 091A A6 00       LKPSM1 LDAA   0,X              GET CHARACTER
 1189 091C 81 20              CMPA   #$20             BLANK?
 1190 091E 26 03              BNE    LKPSM3           NO
 1191                  *
 1192                  * ENTRY NOT IN SYMTAB
 1193                  *
 1194 0920 C6 FF       LKPSM2 LDAB   #$FF             LOAD RC
 1195 0922 39                 RTS                     RETURN
 1196                  *
 1197                  * COMPARE SYMBOL WITH ENTRY IN SYMTAB
 1198                  *
 1199 0923 BD 093B     LKPSM3 JSR    SYMCMP           COMPARE
 1200 0926 26 08              BNE    LKPSM4           NO MATCH
 1201                  *
 1202                  * FOUND, EXTRACT INFO, AND VALUE
 1203                  *
 1204 0928 FE 036D            LDX    SYMPTR           POINT TO ENTRY
 1205 092B E6 08              LDAB   8,X              GET INFO BYTE
 1206 092D EE 06              LDX    6,X              GET VALUE
 1207 092F 39                 RTS
 1208                  *
 1209                  * PROBE AGAIN FOR SYMBOL IN SYMTAB
 1210                  *
 1211 0930 BD 0950     LKPSM4 JSR    SYMMOD           GET NEXT KEY
 1212 0933 BC 08AD            CPX    HKEYA            ALREADY CHECKED?
 1213 0936 26 E2              BNE    LKPSM1           NO,TRY AGAIN
 1214 0938 C6 FF              LDAB   #$FF             SET RC
 1215 093A 39                 RTS
 1216                  *
 1217                  * ROUTINE TO COMPARE SYMBOL WITH ENTRY
 1218                  *
 1219 093B FF 08A0     SYMCMP STX    PSTNG1           SAVE PTR TO ENTRY
 1220 093E 86 06              LDAA   #6
 1221 0940 B7 08A4            STAA   PCOUNT           PCOUNT := LENGTH(SYMBOL)
 1222 0943 CE 08A7            LDX    #HSMBL
 1223 0946 FF 08A2            STX    PSTNG2           POINT TO HSMBL
 1224 0949 CE 08A0            LDX    #PSTNG1          POINT TO PARAMS
 1225 094C BD 0782            JSR    COMPAR           COMPARE
 1226 094F 39                 RTS
 1227                  *
 1228                  * FIND NEXT SLOT IN SYMTAB
 1229                  * SYMPTR:=SYMPTR+9 (MODULO NSYM)
 1230                  *
 1231 0950 FE 036D     SYMMOD LDX    SYMPTR           GET ADDR(CURRENT SLOT)
 1232 0953 08                 INX
 1233 0954 08                 INX
 1234 0955 08                 INX
 1235 0956 08                 INX
 1236 0957 08                 INX
 1237 0958 08                 INX
 1238 0959 08                 INX
 1239 095A 08                 INX
 1240 095B 08                 INX
 1241                  *
 1242                  * BEYOND SYMTAB?
 1243                  *
 1244 095C BC 0357            CPX    SYMEND
 1245 095F 26 03              BNE    *+5              NO
 1246 0961 FE 0353            LDX    SYMTAB           POINT TO FIRST ENTRY
 1247 0964 FF 036D            STX    SYMPTR           SAVE PTR TO ENTRY
 1248 0967 39                 RTS
 1249                  *
 1250                  * DELETE LAST SYMBOL ENTERED
 1251                  *
 1252 0968 FE 036D     DELSYM LDX    SYMPTR
 1253 096B 86 20              LDAA   #$20             LOAD BLANK
 1254 096D C6 09              LDAB   #9               LOAD ENTRY LENGTH
 1255                  *
 1256 096F A7 00       DEL1   STAA   0,X              BLANK BYTE
 1257 0971 08                 INX                     POINT TO NEXT BYTE
 1258 0972 5A                 DECB                    ALL DONE ?
 1259 0973 26 FA              BNE    DEL1             NO
 1260                  *
 1261 0975 39                 RTS                     YES, RETURN
 1262                  *
 1263                  * HASH SYMBOL TO PRODUCE A KEY
 1264                  *
 1265 0976 CE 2020     HASH   LDX    #$2020           BLANK HSMBL
 1266 0979 FF 08A7            STX    HSMBL
 1267 097C FF 08A9            STX    HSMBL+2
 1268 097F FF 08AB            STX    HSMBL+4
 1269                  *
 1270                  * MOVE SYMBOL TO HSMBL
 1271                  *
 1272 0982 CE 08A7            LDX    #HSMBL           POINT TO HSMBL
 1273 0985 FF 08B3            STX    HSAV2            SAVE
 1274 0988 FE 0366            LDX    DESCRA           POINT TO SYMBOL
 1275 098B FF 08B1            STX    HSAV1            SAVE
 1276 098E F6 0368            LDAB   DESCRC           GET LENGTH(SYMBOL)
 1277                  *
 1278 0991 FE 08B1     HASH1  LDX    HSAV1            POINT TO SYMBOL
 1279 0994 A6 00              LDAA   0,X              GET CHAR
 1280 0996 08                 INX
 1281 0997 FF 08B1            STX    HSAV1            POINT TO NEXT CHAR
 1282 099A FE 08B3            LDX    HSAV2            POINT TO HSYMBL
 1283 099D A7 00              STAA   0,X              STORE CHAR
 1284 099F 08                 INX
 1285 09A0 FF 08B3            STX    HSAV2            POINT TO NEXT CHAR
 1286 09A3 5A                 DECB                    ALL DONE
 1287 09A4 26 EB              BNE    HASH1            NO
 1288                  *
 1289                  * FOLD HSMBL TO CREATE A KEYA
 1290                  *
 1291 09A6 FE 08A7            LDX    HSMBL            HKEYA:=HSMBL(2)
 1292 09A9 FF 08AD            STX    HKEYA
 1293 09AC FE 08A9            LDX    HSMBL+2
 1294 09AF FF 08AF            STX    HKEYB
 1295 09B2 CE 08AD            LDX    #HKEYA
 1296 09B5 BD 0CA9            JSR    ADD16            ;      +HSMBL+2(2)
 1297 09B8 FE 08AB            LDX    HSMBL+4
 1298 09BB FF 08AF            STX    HKEYB
 1299 09BE CE 08AD            LDX    #HKEYA
 1300 09C1 BD 0CA9            JSR    ADD16            ;       +HSMBL+4(2)
 1301                  *
 1302                  * HKEYA:=REMAINDER OF HKEYA/NSYM
 1303                  *
 1304 09C4 B6 08AD            LDAA   HKEYA            LOAD VALUES
 1305 09C7 F6 08AE            LDAB   HKEYA+1
 1306 09CA FE 0355            LDX    NSYM
 1307 09CD FF 08AF            STX    HKEYB
 1308 09D0 CE 08AF            LDX    #HKEYB           POINT TO NSYM
 1309 09D3 BD 0C5E            JSR    DIV16
 1310 09D6 FF 08AD            STX    HKEYA            SAVE REMAINDER
 1311                  *
 1312                  * HKEYA:=HKEYA*9
 1313                  *
 1314 09D9 4F                 CLRA
 1315 09DA C6 09              LDAB   #9
 1316 09DC CE 08AD            LDX    #HKEYA
 1317 09DF BD 0C3A            JSR    MPY16
 1318 09E2 B7 08AD            STAA   HKEYA
 1319 09E5 F7 08AE            STAB   HKEYA+1
 1320                  *
 1321                  * ADD IN BASE OF SYMTAB
 1322                  *
 1323 09E8 FE 0353            LDX    SYMTAB
 1324 09EB FF 08AF            STX    HKEYB
 1325 09EE CE 08AD            LDX    #HKEYA
 1326 09F1 BD 0CA9            JSR    ADD16
 1327 09F4 FE 08AD            LDX    HKEYA
 1328 09F7 39                 RTS
 1329                  *
 1330                  * LOOK UP MNEMONIC IN MNTAB
 1331                  * ON ENTRY DESCRA = ADDR OF MNEMONIC
 1332                  *          DESCRC = LENGTH OF MNEMONIC
 1333                  * ON RETURN
 1334                  *  REG A = 00 FOUND
 1335                  *  REG A = FF NOT IN TABLE
 1336                  *  REG X = ADDR OF ROUTINE TO PROCESS
 1337                  *          THE OPCODE/PSEUDOP
 1338                  *  REG B = MACHINE CODE FOR OPCODES
 1339                  *        = FF FOR PSEUDOPS
 1340                  *
 1341                  * THE ALGORITHM USED IS A BINARY SEARCH
 1342                  *
 1343                  * TEMPORARY LOCATIONS:
 1344 09F8             LP     RMB    1                ONE BELOW LOWEST ENTRY
 1345 09F9             MP     RMB    1                ONE HIGHER THAN HIGHEST ENTRY
 1346 09FA             IP     RMB    1                CALCULATED PROBE VALUE
 1347 09FB 00 06       ENSIZ  FDB    6                LENGTH OF ENTRY IN MNTAB
 1348                  *
 1349 09FD B6 0368     MNLKP  LDAA   DESCRC
 1350 0A00 B7 08A4            STAA   PCOUNT           INIT PCOUNT
 1351 0A03 86 57              LDAA   #$57             $57=CHRTAB-MNTAB/6+1 (# OF ENTRIES+1)
 1352 0A05 B7 09F9            STAA   MP               INIT MP
 1353 0A08 4F                 CLRA
 1354 0A09 B7 09F8            STAA   LP               INIT LP
 1355                  *
 1356 0A0C B6 09F8     MNLKPA LDAA   LP
 1357 0A0F 4C                 INCA                    A:=LP+1
 1358 0A10 B1 09F9            CMPA   MP               MP:=LP+1 ?
 1359 0A13 26 03              BNE    MNLKPB           NO
 1360                  *
 1361 0A15 86 FF              LDAA   #$FF             YES, ENTRY NOT IN TABLE
 1362 0A17 39                 RTS
 1363                  *
 1364                  * IP:=(LP+MP)/2 TRUNCATED
 1365                  *
 1366 0A18 F6 09F8     MNLKPB LDAB   LP
 1367 0A1B FB 09F9            ADDB   MP               B:=LP+MP
 1368 0A1E 56                 RORB                    B:=B/2
 1369 0A1F F7 09FA            STAB   IP               SAVE IP
 1370                  *
 1371                  * GET 16 BITADDRESS OF ENTRY
 1372                  *
 1373 0A22 4F                 CLRA
 1374 0A23 CE 09FB            LDX    #ENSIZ           GET ENTRY LENGTH
 1375 0A26 5A                 DECB                    B:=IP-1
 1376 0A27 BD 0C3A            JSR    MPY16            GET (IP-1)*6
 1377 0A2A B7 08A0            STAA   PSTNG1           SAVE
 1378 0A2D F7 08A1            STAB   PSTNG1+1
 1379 0A30 CE 0100            LDX    #MNTAB
 1380 0A33 FF 08A2            STX    PSTNG2           PSTNG2:=BASE OF MNTAB
 1381 0A36 CE 08A0            LDX    #PSTNG1          POINT TO PARAMS
 1382 0A39 BD 0CA9            JSR    ADD16            PSTNG1:=(IP-1)*6+MNTAB
 1383 0A3C FE 08A0            LDX    PSTNG1
 1384 0A3F FF 08A5            STX    TBADD            SAVE
 1385                  *
 1386                  * COMPARE MNEMONIC WITH ENTRY IN MNTAB
 1387                  *
 1388 0A42 FE 0366            LDX    DESCRA           GET MNEMONIC ADDRESS
 1389 0A45 FF 08A2            STX    PSTNG2           INIT PARAM FOR COMPARE
 1390 0A48 CE 08A0            LDX    #PSTNG1          POINT TO PARAMS
 1391 0A4B BD 0782            JSR    COMPAR           COMPARE
 1392 0A4E 25 0B              BCS    MNLI             ENTRY<MNEMONIC
 1393 0A50 26 11              BNE    MNMI             ENTRY>MNEMONIC
 1394                  *
 1395 0A52 4F                 CLRA                    ENTRY FOUND
 1396 0A53 FE 08A5            LDX    TBADD            POINT TO ENTRY
 1397 0A56 E6 05              LDAB   5,X              GET MACHINE CODE
 1398 0A58 EE 03              LDX    3,X              GET BRANCH TO ROUTINE ADDR
 1399 0A5A 39                 RTS
 1400                  *
 1401                  * ENTRY<MNEMONIC LP:=IP
 1402                  *
 1403 0A5B B6 09FA     MNLI   LDAA   IP
 1404 0A5E B7 09F8            STAA   LP
 1405 0A61 20 A9              BRA    MNLKPA           TRY AGAIN
 1406                  *
 1407                  * ENTRY>MNEMONIC MP:=IP
 1408                  *
 1409 0A63 B6 09FA     MNMI   LDAA   IP
 1410 0A66 B7 09F9            STAA   MP
 1411 0A69 20 A1              BRA    MNLKPA           TRY AGAIN
 1412                  *
 1413                  * EVALUATE NUMBERS, SYMBOLS AND EXPRESSIONS
 1414                  *
 1415 0A6B             VALUE  RMB    2
 1416 0A6D             TMPVAL RMB    2
 1417 0A6F             CLFLG  RMB    1                CLASS OF PREVIOUS TOKEN
 1418 0A70             CLASS  RMB    1                CLASS OF CURRENT TOKEN
 1419 0A71             OPERN  RMB    1                ARITHMETIC OPERATOR
 1420                  *
 1421 0A72 7F 0A6B     NSEVL  CLR    VALUE
 1422 0A75 7F 0A6C            CLR    VALUE+1          VALUE := 0
 1423 0A78 7F 0A6F            CLR    CLFLG            CLFLG := 0
 1424 0A7B B7 0A70            STAA   CLASS            SAVE CLASS OF TOKEN
 1425 0A7E C1 2A              CMPB   #$2A             IS * ?
 1426 0A80 26 2D              BNE    NSVLC1           NO
 1427                  *
 1428 0A82 FE 035E            LDX    LC               YES
 1429 0A85 FF 0A6B            STX    VALUE            VALUE := LC
 1430 0A88 86 02              LDAA   #2
 1431 0A8A B7 0A6F            STAA   CLFLG            CLFLG:=2
 1432 0A8D 73 0362            COM    RELFLG           RELFLG:=RELOC
 1433                  *
 1434 0A90 FE 0369     NSVLA  LDX    CUCHAR
 1435 0A93 A6 00              LDAA   0,X              GET NEXT CHAR
 1436 0A95 81 20              CMPA   #$20             BLANK?
 1437 0A97 27 08              BEQ    NSVLB            YES
 1438 0A99 81 0D              CMPA   #$0D             EOL?
 1439 0A9B 27 04              BEQ    NSVLB            YES
 1440 0A9D 81 2C              CMPA   #$2C             COMMA?
 1441 0A9F 26 08              BNE    NSVLC            NO
 1442                  *
 1443 0AA1 FE 0A6B     NSVLB  LDX    VALUE
 1444 0AA4 FF 0D25            STX    ADR1             ADR1,2:=VALUE
 1445 0AA7 5F                 CLRB                    RC := 00
 1446 0AA8 39                 RTS                     ALL DONE
 1447                  *
 1448 0AA9 BD 07B3     NSVLC  JSR    NXTOK            GET NEXT TOKEN
 1449 0AAC B7 0A70            STAA   CLASS            SAVE TOKEN CLASS
 1450 0AAF B1 0A6F     NSVLC1 CMPA   CLFLG            CLASS = CLFLG?
 1451 0AB2 26 06              BNE    NSVLF            NO
 1452                  *
 1453 0AB4 CE 0204     NSVLD  LDX    #$0204           ERROR
 1454 0AB7 5F          NSVLE  CLRB
 1455 0AB8 53                 COMB                    RC := FF
 1456 0AB9 39                 RTS                     RETURN
 1457                  *
 1458 0ABA 81 02       NSVLF  CMPA   #$02             IS STRING?
 1459 0ABC 27 14              BEQ    NSVLH            YES
 1460                  *
 1461 0ABE 81 24              CMPA   #$24             ARITHMETIC OPERATOR?
 1462 0AC0 27 02              BEQ    NSVLG            YES
 1463 0AC2 20 F0              BRA    NSVLD            ERROR
 1464                  *
 1465 0AC4 7D 0A6F     NSVLG  TST    CLFLG            CLFLG=0?
 1466 0AC7 27 EB              BEQ    NSVLD            YES,ERROR
 1467                  *
 1468 0AC9 F7 0A71            STAB   OPERN            SAVE OPERATOR
 1469 0ACC B7 0A6F            STAA   CLFLG            CLFLG:=CLASS
 1470 0ACF 7E 0A90            JMP    NSVLA            SCAN AGAIN
 1471                  *
 1472 0AD2 C1 03       NSVLH  CMPB   #$03             HEX STRING?
 1473 0AD4 26 11              BNE    NSVLJ            NO
 1474                  *
 1475 0AD6 F6 0368            LDAB   DESCRC           YES
 1476 0AD9 C1 04              CMPB   #4               IS > 4?
 1477 0ADB 2F 05              BLE    NSVLH1           NO
 1478                  *
 1479 0ADD CE 0210            LDX    #$0210           YES,ERROR
 1480 0AE0 20 D5              BRA    NSVLE
 1481                  *
 1482 0AE2 BD 0B8B     NSVLH1 JSR    CVHB             CONVERT
 1483 0AE5 20 3B              BRA    NSVLM
 1484                  *
 1485 0AE7 C1 09       NSVLJ  CMPB   #$09             DECIMAL?
 1486 0AE9 26 11              BNE    NSVLK            NO
 1487                  *
 1488 0AEB F6 0368            LDAB   DESCRC
 1489 0AEE C1 05              CMPB   #5               LENGTH > 5?
 1490 0AF0 2F 05              BLE    NSVLJ1           NO
 1491                  *
 1492 0AF2 CE 0210            LDX    #$0210           YES,ERROR
 1493 0AF5 20 C0              BRA    NSVLE
 1494                  *
 1495 0AF7 BD 0BE7     NSVLJ1 JSR    CVDB             CONVERT
 1496 0AFA 20 26              BRA    NSVLM
 1497                  *
 1498 0AFC C1 01       NSVLK  CMPB   #$01             SYMBOL?
 1499 0AFE 27 03              BEQ    NSVLL            YES
 1500                  *
 1501 0B00 7E 0AB4            JMP    NSVLD            NO,ERROR
 1502                  *
 1503 0B03 BD 0914     NSVLL  JSR    LKPSYM           LOOKUP SYMBOL
 1504 0B06 C5 80              BITB   #$80             REDEFINED?
 1505 0B08 26 12              BNE    NSVLLA           YES
 1506                  *
 1507 0B0A C5 40              BITB   #$40             RELOC?
 1508 0B0C 27 05              BEQ    *+7              NO
 1509                  *
 1510 0B0E 73 0362            COM    RELFLG           YES RELFLG:=RELOC
 1511 0B11 20 0F              BRA    NSVLM
 1512                  *
 1513 0B13 C5 10              BITB   #$10             COMMON?
 1514 0B15 27 03              BEQ    *+5              NO
 1515                  *
 1516 0B17 73 0363            COM    CMNFLG           YES
 1517 0B1A 20 06              BRA    NSVLM
 1518                  *
 1519 0B1C CE 0211     NSVLLA LDX    #$0211           NO,ERROR
 1520 0B1F 7E 0AB7            JMP    NSVLE
 1521                  *
 1522 0B22 FF 0A6D     NSVLM  STX    TMPVAL           SAVE,CONVERTED VALUE
 1523 0B25 7D 0A6F            TST    CLFLG            CLFLG=0?
 1524 0B28 26 0F              BNE    NSVLP            NO
 1525                  *
 1526 0B2A FE 0A6D            LDX    TMPVAL           YES
 1527 0B2D FF 0A6B            STX    VALUE            VALUE:=TMPVAL
 1528                  *
 1529 0B30 B6 0A70     NSVLN  LDAA   CLASS
 1530 0B33 B7 0A6F            STAA   CLFLG            CLFLG:=CLASS
 1531 0B36 7E 0A90            JMP    NSVLA            SCAN AGAIN
 1532                  *
 1533 0B39 B6 0A71     NSVLP  LDAA   OPERN            GET LAST OPERATOR
 1534 0B3C 81 2B              CMPA   #$2B             IS + ?
 1535 0B3E 26 08              BNE    NSVLP1           NO
 1536                  *
 1537 0B40 CE 0A6B            LDX    #VALUE
 1538 0B43 BD 0CA9            JSR    ADD16            VALUE:=VALUE+TMPVAL
 1539 0B46 20 E8              BRA    NSVLN
 1540                  *
 1541 0B48 81 2D       NSVLP1 CMPA   #$2D             IS - ?
 1542 0B4A 26 08              BNE    NSVLP2           NO
 1543                  *
 1544 0B4C CE 0A6B            LDX    #VALUE           YES
 1545 0B4F BD 0CBA            JSR    SUB16            VALUE:=VALUE-TMPVAL
 1546 0B52 20 DC              BRA    NSVLN
 1547                  *
 1548 0B54 81 2A       NSVLP2 CMPA   #$2A             IS * ?
 1549 0B56 26 15              BNE    NSVLP3           NO
 1550                  *
 1551 0B58 B6 0A6B            LDAA   VALUE
 1552 0B5B F6 0A6C            LDAB   VALUE+1
 1553 0B5E CE 0A6D            LDX    #TMPVAL
 1554 0B61 BD 0C3A            JSR    MPY16            VALUE:=VALUE*TMPVAL
 1555 0B64 B7 0A6B            STAA   VALUE
 1556 0B67 F7 0A6C            STAB   VALUE+1
 1557 0B6A 7E 0B30            JMP    NSVLN
 1558                  *
 1559 0B6D 81 2F       NSVLP3 CMPA   #$2F             IS / ?
 1560 0B6F 27 03              BEQ    NSVLP4           YES
 1561                  *
 1562 0B71 7E 0AB4            JMP    NSVLD            NO, ERROR
 1563                  *
 1564 0B74 B6 0A6B     NSVLP4 LDAA   VALUE
 1565 0B77 F6 0A6C            LDAB   VALUE+1
 1566 0B7A CE 0A6D            LDX    #TMPVAL
 1567 0B7D BD 0C5E            JSR    DIV16            VALUE:=VALUE/TMPVAL
 1568 0B80 B7 0A6B            STAA   VALUE
 1569 0B83 F7 0A6C            STAB   VALUE+1
 1570 0B86 7E 0B30            JMP    NSVLN
 1571                  *
 1572                  * CVHB CONVERT HEX TO BINARY
 1573                  *
 1574                  * ON ENTRY DESCRA = ADDRESS OF STRING
 1575                  *          DESCRC = # OF BYTES IN STRING
 1576                  * ON RETURN [X]=VALUE
 1577                  *
 1578 0B89             HVAL   RMB    2                TEMP STORAGE
 1579                  *
 1580 0B8B FE 0366     CVHB   LDX    DESCRA           GET ADDRESS OF STRING
 1581 0B8E 7F 0B89            CLR    HVAL
 1582 0B91 7F 0B8A            CLR    HVAL+1
 1583 0B94 F6 0368            LDAB   DESCRC           GET COUNT
 1584 0B97 09                 DEX                     DECR PTR TO STRING
 1585 0B98 08          CVHB1  INX                     POINT TO RIGHT MOST
 1586 0B99 5A                 DECB                    BYTE OF THE
 1587 0B9A 26 FC              BNE    CVHB1            STRING
 1588                  *
 1589 0B9C F6 0368            LDAB   DESCRC           GET COUNT
 1590 0B9F BD 0BD5            JSR    CVHBS            CONVERT
 1591 0BA2 B7 0B8A            STAA   HVAL+1           SAVE
 1592 0BA5 5A                 DECB                    DECR COUNT
 1593 0BA6 27 29              BEQ    CVHBD            (1 HEX DIGIT)
 1594 0BA8 09                 DEX                     POINT TO NEXT LEFT BYTE
 1595 0BA9 BD 0BD5            JSR    CVHBS            CONVERT
 1596 0BAC 48                 ASLA                    SHIFT TO LEFT NIBBLE
 1597 0BAD 48                 ASLA
 1598 0BAE 48                 ASLA
 1599 0BAF 48                 ASLA
 1600 0BB0 BA 0B8A            ORAA   HVAL+1           CONVERT TO BYTE
 1601 0BB3 B7 0B8A            STAA   HVAL+1           SAVE
 1602 0BB6 5A                 DECB                    DECREMENT COUNT
 1603 0BB7 27 18              BEQ    CVHBD            (2 HEX DIGITS)
 1604 0BB9 09                 DEX                     POINT TO NEXT LEFT BYTE
 1605 0BBA BD 0BD5            JSR    CVHBS            CONVERT
 1606 0BBD B7 0B89            STAA   HVAL             SAVE
 1607 0BC0 5A                 DECB                    DECREMENT COUNT
 1608 0BC1 27 0E              BEQ    CVHBD            (3 HEX DIGITS)
 1609                  *
 1610 0BC3 09                 DEX                     POINT TO NEXT LEFT BYTE
 1611 0BC4 BD 0BD5            JSR    CVHBS            CONVERT
 1612 0BC7 48                 ASLA                    SHIFT TO LEFT NIBBLE
 1613 0BC8 48                 ASLA
 1614 0BC9 48                 ASLA
 1615 0BCA 48                 ASLA
 1616 0BCB BA 0B89            ORAA   HVAL             CONVERT TO BYTE
 1617 0BCE B7 0B89            STAA   HVAL             SAVE
 1618 0BD1 FE 0B89     CVHBD  LDX    HVAL             GET FINAL VALUE
 1619 0BD4 39                 RTS                     RETURN
 1620                  *
 1621                  * ROUTINE TO CONVERT ASCII TO BINARY
 1622                  *
 1623 0BD5 A6 00       CVHBS  LDAA   0,X              GET BYTE
 1624 0BD7 80 30              SUBA   #$30             CONVERT
 1625 0BD9 81 09              CMPA   #$09             0 - 9 ?
 1626 0BDB 2F 02              BLE    *+4              YES
 1627 0BDD 80 07              SUBA   #$07             NO, 10 - 15
 1628 0BDF 39                 RTS
 1629                  *
 1630                  * CVDB: CONVERT DECIMAL TO BINARY
 1631                  * ON ENTRY DESCRA = ADDRESS OF DECIMAL STRING
 1632                  *          DESCRC = # BYTES IN DECIMAL STRING
 1633                  * ON RETURN [X] = VALUE IN BINARY
 1634                  *
 1635 0BE0             DVAL   RMB    2                TEMP STORAGE FOR BINARY
 1636 0BE2             DCOUNT RMB    1                DIGIT COUNT
 1637 0BE3             TENVL  RMB    2                POWER OF TEN
 1638 0BE5             DXSAV  RMB    2                TEMPORARY STORAGE FOR X
 1639                  *
 1640 0BE7 7F 0BE0     CVDB   CLR    DVAL             DVAL:=0
 1641 0BEA 7F 0BE1            CLR    DVAL+1
 1642 0BED 7F 0BE3            CLR    TENVL
 1643 0BF0 7F 0BE4            CLR    TENVL+1
 1644 0BF3 7C 0BE4            INC    TENVL+1          TENVL:=1
 1645 0BF6 FE 0366            LDX    DESCRA           POINT TO STRING
 1646 0BF9 09                 DEX
 1647 0BFA F6 0368            LDAB   DESCRC
 1648 0BFD F7 0BE2            STAB   DCOUNT           INIT DCOUNT
 1649                  *
 1650 0C00 08          CVDB1  INX                     POINT TO
 1651 0C01 5A                 DECB                    LEAST SIGNIFICANT
 1652 0C02 26 FC              BNE    CVDB1            DIGIT
 1653                  *
 1654 0C04 FF 0BE5     CVDB2  STX    DXSAV            SAVE POINTER
 1655 0C07 E6 00              LDAB   0,X              GET DIGIT
 1656 0C09 C4 0F              ANDB   #$0F             CONVERT TO BCD
 1657 0C0B 4F                 CLRA                    CLEAR ACCUMULATOR
 1658 0C0C CE 0BE3            LDX    #TENVL           POINT TO POWER OF TEN
 1659 0C0F BD 0C3A            JSR    MPY16            (A,B):=TENVL*DIGIT
 1660 0C12 FB 0BE1            ADDB   DVAL+1           DVAL:=DVAL+TENVL*DIGIT
 1661 0C15 B9 0BE0            ADCA   DVAL
 1662 0C18 B7 0BE0            STAA   DVAL
 1663 0C1B F7 0BE1            STAB   DVAL+1
 1664 0C1E 4F                 CLRA
 1665 0C1F C6 0A              LDAB   #$0A             B:=10
 1666 0C21 CE 0BE3            LDX    #TENVL           POINT TO POWER OF TEN
 1667 0C24 BD 0C3A            JSR    MPY16            TENVL:=TENVL*10
 1668 0C27 B7 0BE3            STAA   TENVL
 1669 0C2A F7 0BE4            STAB   TENVL+1
 1670 0C2D FE 0BE5            LDX    DXSAV            RESTORE POINTER TO STRING
 1671 0C30 09                 DEX                     POINT NEXT LEFT DIGIT
 1672 0C31 7A 0BE2            DEC    DCOUNT           DONE?
 1673 0C34 26 CE              BNE    CVDB2            NO
 1674 0C36 FE 0BE0            LDX    DVAL             GET FINAL VALUE
 1675 0C39 39                 RTS                     RETURN
 1676                  *
 1677                  * MPY16 16 BIT MULTIPLY ROUTINE
 1678                  * (A,B):=(A,B)*(2 BYTES POINTED AT BY X REG)
 1679                  * USES 7 BYTES ON THE STACK
 1680                  *
 1681 0C3A 37          MPY16  PSHB                    PUT VALUES ON THE STACK
 1682 0C3B 36                 PSHA
 1683 0C3C A6 01              LDAA   1,X
 1684 0C3E 36                 PSHA
 1685 0C3F A6 00              LDAA   0,X
 1686 0C41 36                 PSHA
 1687 0C42 86 10              LDAA   #16
 1688 0C44 36                 PSHA
 1689 0C45 30                 TSX                     POINT TO DATA
 1690 0C46 A6 03              LDAA   3,X
 1691                  *
 1692 0C48 58          MPY163 ASLB
 1693 0C49 49                 ROLA                    FORM ANSWER
 1694 0C4A 68 02              ASL    2,X              SHIFT MULTIPLICAND
 1695 0C4C 69 01              ROL    1,X
 1696 0C4E 24 04              BCC    MPY167
 1697 0C50 EB 04              ADDB   4,X              ADD MULTIPLIER
 1698 0C52 A9 03              ADCA   3,X
 1699 0C54 6A 00       MPY167 DEC    0,X
 1700 0C56 26 F0              BNE    MPY163           COUNT NOT ZERO
 1701 0C58 31                 INS
 1702 0C59 31                 INS
 1703 0C5A 31                 INS
 1704 0C5B 31                 INS
 1705 0C5C 31                 INS
 1706 0C5D 39                 RTS                     ALL DONE
 1707                  *
 1708                  * DIV16 16 BIT DIVIDE (UNSIGNED)
 1709                  * (A,B):=(A,B)/ (X),(X+1)
 1710                  * [X]=REMAINDER
 1711                  *
 1712 0C5E 37          DIV16  PSHB                    DIVIDEND TO STACK
 1713 0C5F 36                 PSHA
 1714 0C60 A6 00              LDAA   0,X
 1715 0C62 E6 01              LDAB   1,X
 1716 0C64 37                 PSHB                    DIVISOR TO STACK
 1717 0C65 36                 PSHA
 1718 0C66 34                 DES                     LEAVE R(X)M FOR COUNT
 1719 0C67 30                 TSX                     (X) PNTR TO STACKED DATA
 1720 0C68 86 01              LDAA   #1
 1721 0C6A 6D 01              TST    1,X
 1722 0C6C 2B 0B              BMI    DIV153
 1723 0C6E 4C          DIV151 INCA
 1724 0C6F 68 02              ASL    2,X
 1725 0C71 69 01              ROL    1,X
 1726 0C73 2B 04              BMI    DIV153
 1727 0C75 81 11              CMPA   #17
 1728 0C77 26 F5              BNE    DIV151
 1729 0C79 A7 00       DIV153 STAA   0,X              SAVE COUNT
 1730 0C7B A6 03              LDAA   3,X
 1731 0C7D E6 04              LDAB   4,X
 1732 0C7F 6F 03              CLR    3,X
 1733 0C81 6F 04              CLR    4,X
 1734 0C83 E0 02       DIV163 SUBB   2,X
 1735 0C85 A2 01              SBCA   1,X
 1736 0C87 24 07              BCC    DIV165           DIVISOR STILL OK
 1737 0C89 EB 02              ADDB   2,X              DIVISOR TOO LARGE
 1738 0C8B A9 01              ADCA   1,X              RESTORE
 1739 0C8D 0C                 CLC
 1740 0C8E 20 01              BRA    DIV167
 1741 0C90 0D          DIV165 SEC
 1742 0C91 69 04       DIV167 ROL    4,X
 1743 0C93 69 03              ROL    3,X
 1744 0C95 64 01              LSR    1,X              ADJUST DIVISOR
 1745 0C97 66 02              ROR    2,X
 1746 0C99 6A 00              DEC    0,X
 1747 0C9B 26 E6              BNE    DIV163
 1748                  *
 1749 0C9D A7 00              STAA   0,X              SAVE REMAINDER IN X
 1750 0C9F E7 01              STAB   1,X
 1751 0CA1 EE 00              LDX    0,X
 1752 0CA3 31                 INS                     CLEAN UP STACK
 1753 0CA4 31                 INS
 1754 0CA5 31                 INS
 1755 0CA6 32                 PULA
 1756 0CA7 33                 PULB
 1757 0CA8 39                 RTS
 1758                  *
 1759                  * ADD16 16 BITADDITION
 1760                  *[X] POINTS:
 1761                  *           LOC(2),TEMP(2)
 1762                  * LOC(2):=LOC(2)+TEMP(2)
 1763                  *
 1764 0CA9 36          ADD16  PSHA
 1765 0CAA 37                 PSHB
 1766 0CAB A6 01              LDAA   1,X
 1767 0CAD E6 00              LDAB   0,X
 1768 0CAF AB 03              ADDA   3,X
 1769 0CB1 E9 02              ADCB   2,X
 1770 0CB3 A7 01              STAA   1,X
 1771 0CB5 E7 00              STAB   0,X
 1772 0CB7 33                 PULB
 1773 0CB8 32                 PULA
 1774 0CB9 39                 RTS
 1775                  *
 1776                  * SUB16 16 BIT SUBTRACTION
 1777                  * [X] POINTS:
 1778                  *            LOC(2),TEMP(2)
 1779                  * LOC(2):=LOC(2)-TEMP(2)
 1780                  *
 1781 0CBA 36          SUB16  PSHA
 1782 0CBB 37                 PSHB
 1783 0CBC A6 01              LDAA   1,X
 1784 0CBE E6 00              LDAB   0,X
 1785 0CC0 A0 03              SUBA   3,X
 1786 0CC2 E2 02              SBCB   2,X
 1787 0CC4 A7 01              STAA   1,X
 1788 0CC6 E7 00              STAB   0,X
 1789 0CC8 33                 PULB
 1790 0CC9 32                 PULA
 1791 0CCA 39                 RTS
 1792                  *
 1793                  * PRINTL PRINT A LINE ON THE TTY
 1794                  *
 1795 0CCB B6 0359     PRINTL LDAA   OPTNS            GET OPTIONS
 1796 0CCE 85 80              BITA   #$80             LIST?
 1797 0CD0 26 14              BNE    PLEND            NO
 1798 0CD2 7D 0360            TST    PASS             PASS2
 1799 0CD5 27 0F              BEQ    PLEND            PASS1
 1800 0CD7 7D 03F7            TST    MACFLG           MACRO FLAG SET?
 1801 0CDA 27 04              BEQ    PRINT1           NO
 1802                  *
 1803 0CDC 85 10              BITA   #$10             PRINT MACROS?
 1804 0CDE 26 06              BNE    PLEND            NO
 1805                  *
 1806 0CE0 BD 0CE7     PRINT1 JSR    LINCK            CHECK LINE #
 1807 0CE3 BD 0D2E            JSR    OUTL             PRINT A LINE
 1808 0CE6 39          PLEND  RTS                     ALL DONE
 1809                  *
 1810                  * LINE CHECK FOR TOP OF PAGE, ETC.
 1811                  *
 1812 0CE7 37          LINCK  PSHB
 1813 0CE8 F6 0372            LDAB   LCOUNT
 1814 0CEB C1 00              CMPB   #$00             END OF PAGE?
 1815 0CED 26 03              BNE    LINCKA           NO
 1816 0CEF BD 0D01            JSR    SPACER           YES SPACE TO TOP OF PAGE
 1817 0CF2 7C 0372     LINCKA INC    LCOUNT           BUMP LCOUNT
 1818 0CF5 F6 0372            LDAB   LCOUNT
 1819 0CF8 C1 3C              CMPB   #$3C             LCOUNT = 60?
 1820 0CFA 26 03              BNE    LINCKB           NO
 1821 0CFC 7F 0372            CLR    LCOUNT           YES,SET FOR TOP OF PAGE
 1822 0CFF 33          LINCKB PULB
 1823 0D00 39                 RTS
 1824                  *
 1825                  * SPACE TO TOP OF PAGE AND PRINT PAGE MARK
 1826                  *
 1827 0D01 CE 0D08     SPACER LDX    #HEADR           POINT TO DATA
 1828 0D04 BD 18EA            JSR    PDATA1           PRINT ON TTY
 1829 0D07 39                 RTS
 1830                  *
 1831 0D08 0D 0C       HEADR  FDB    $0D0C            CRLF
 1832 0D0A 0D 0A              FDB    $0D0A
 1833 0D0C 0D 0A              FDB    $0D0A
 1834 0D0E 2E 2E 2E 2E        FCC    '.............'
    + 0D12 2E 2E 2E 2E
    + 0D16 2E 2E 2E 2E
    + 0D1A 2E
 1835 0D1B 0D 0A              FDB    $0D0A
 1836 0D1D 0D 0A              FDB    $0D0A
 1837 0D1F 0D 0A              FDB    $0D0A
 1838 0D21 04                 FCB    $04              EOT  zzz
 1839                  *
 1840                  * PRINT A FORMATED LINE OF LISTING ON THE TTY
 1841                  *
 1842 0D22             MCOUNT RMB    1                # BYTES OF MACHINE CODE
 1843 0D23             POP    RMB    1                PSEUDOPIO:=N0;1,2 BYTES
 1844 0D24             OPCD   RMB    1                OPCODE IN HEX
 1845 0D25             ADR1   RMB    1                INSTRUCTION ADDRESS
 1846 0D26             ADR2   RMB    1
 1847 0D27             LINEN  RMB    5                LINENUM IN ASCII
 1848 0D2C 20 04              FDB    $2004            EOT
 1849                  *
 1850                  *
 1851 0D2E CE 0D27     OUTL   LDX    #LINEN           LOAD PARAMS
 1852 0D31 B6 035A            LDAA   LNUM             LOAD LINNUM (BINARY)
 1853 0D34 F6 035B            LDAB   LNUM+1
 1854 0D37 BD 0E19            JSR    CVBTD            CONVERT TO DECIMAL (ASCII)
 1855 0D3A CE 0D28            LDX    #LINEN+1         POINT TO DECIMAL LINE#
 1856 0D3D BD 18EA            JSR    PDATA1           PRINT LINE NUM
 1857                  *
 1858 0D40 7D 03F7            TST    MACFLG           MACRO LINE?
 1859 0D43 27 08              BEQ    OUTLB1           NO
 1860                  *
 1861 0D45 86 2B              LDAA   #'+'
 1862 0D47 BD 1911            JSR    OUTCHR
 1863                  *
 1864 0D4A CE 0E16            LDX    #BLANK6
 1865 0D4D BD 18EA     OUTLB1 JSR    PDATA1           PRINT 2 BLANKS
 1866                  *
 1867 0D50 7D 0D22            TST    MCOUNT           PRINT LC ?
 1868 0D53 26 0D              BNE    OUTLA            YES
 1869 0D55 7D 0D23            TST    POP              PRINT LC?
 1870 0D58 26 08              BNE    OUTLA            YES
 1871                  *
 1872 0D5A CE 0E13            LDX    #BLANK3          NO, PRINT BLANKS (5)
 1873 0D5D BD 18EA            JSR    PDATA1
 1874 0D60 20 2B              BRA    OUTL2
 1875                  *
 1876 0D62 CE 035E     OUTLA  LDX    #LC              POINT TO LC
 1877 0D65 BD 18FA            JSR    OUT4HS           PRINT IN HEX, SPACE
 1878 0D68 F6 0D23            LDAB   POP              PSEUDOP?
 1879 0D6B 27 20              BEQ    OUTL2            NO
 1880 0D6D C1 01              CMPB   #$01             1 BYTE?
 1881 0D6F 27 0E              BEQ    OUTL1            YES
 1882 0D71 CE 0D25            LDX    #ADR1            POINT TO ADR1, ADR2
 1883 0D74 BD 18FA            JSR    OUT4HS           PRINT 2 BYTES 4 HEX, SPACE
 1884 0D77 CE 0E15            LDX    #BLANK5          POINT TO SPACES
 1885 0D7A BD 18EA            JSR    PDATA1           PRINT BLANKS
 1886 0D7D 20 45              BRA    OUTL6
 1887                  *
 1888 0D7F CE 0D26     OUTL1  LDX    #ADR2            POINT TO ADR2
 1889 0D82 BD 18FC            JSR    OUT2HS           PRINT 1 BYTE 2 HEX, SPACE
 1890 0D85 CE 0E13            LDX    #BLANK3          POINT TO BLANKS
 1891 0D88 BD 18EA            JSR    PDATA1           PRINT BLANKS
 1892 0D8B 20 37              BRA    OUTL6
 1893 0D8D F6 0D22     OUTL2  LDAB   MCOUNT           PRINT NOTHING?
 1894 0D90 26 08              BNE    OUTL3            NO
 1895 0D92 CE 0E10            LDX    #BLANK           PRINT JUST 8 BLANKS
 1896 0D95 BD 18EA            JSR    PDATA1
 1897 0D98 20 2A              BRA    OUTL6
 1898                  *
 1899 0D9A CE 0D24     OUTL3  LDX    #OPCD
 1900 0D9D BD 18FC            JSR    OUT2HS           PRINT OPCODE(HEX), SPACE
 1901 0DA0 C1 01              CMPB   #$01             ONLY OP CODE?
 1902 0DA2 26 08              BNE    OUTL4            NO
 1903 0DA4 CE 0E13            LDX    #BLANK3          PRINT BLANKS
 1904 0DA7 BD 18EA            JSR    PDATA1
 1905 0DAA 20 18              BRA    OUTL6
 1906                  *
 1907 0DAC C1 02       OUTL4  CMPB   #$02             1 BYTE ADDRESS?
 1908 0DAE 26 0E              BNE    OUTL5            NO,2 BYTES
 1909 0DB0 CE 0D26            LDX    #ADR2            POINT TO OPERAND
 1910 0DB3 BD 18FC            JSR    OUT2HS           PRINT 1 BYTE ADDRESS,SPACE
 1911 0DB6 CE 0E16            LDX    #BLANK6          PRINT BLANKS
 1912 0DB9 BD 18EA            JSR    PDATA1
 1913 0DBC 20 06              BRA    OUTL6
 1914                  *
 1915 0DBE CE 0D25     OUTL5  LDX    #ADR1            POINT TO ADR1,ADR2
 1916 0DC1 BD 18FA            JSR    OUT4HS
 1917                  *
 1918 0DC4 7D 0363     OUTL6  TST    CMNFLG           COMMON?
 1919 0DC7 27 04              BEQ    *+6              NO
 1920                  *
 1921 0DC9 86 43              LDAA   #'C'
 1922 0DCB 20 1D              BRA    OUTL6B
 1923                  *
 1924 0DCD 7D 0364            TST    EXTFLG           EXTERNAL?
 1925 0DD0 27 04              BEQ    *+6              NO
 1926                  *
 1927 0DD2 86 58              LDAA   #'X'
 1928 0DD4 20 14              BRA    OUTL6B
 1929                  *
 1930 0DD6 7D 0365            TST    ENTFLG           ENTRY?
 1931 0DD9 27 04              BEQ    *+6              NO
 1932                  *
 1933 0DDB 86 4E              LDAA   #'N'
 1934 0DDD 20 0B              BRA    OUTL6B
 1935                  *
 1936 0DDF 7D 0362            TST    RELFLG           RELOCATABLE?
 1937 0DE2 27 04              BEQ    *+6              NO
 1938                  *
 1939 0DE4 86 52              LDAA   #'R'
 1940 0DE6 20 02              BRA    OUTL6B
 1941                  *
 1942 0DE8 86 20       OUTL6A LDAA   #$20             LOAD SPACE
 1943 0DEA BD 1911     OUTL6B JSR    OUTCHR           PRINT (A)
 1944 0DED 86 20              LDAA   #$20             LOAD SPACE
 1945 0DEF BD 1911            JSR    OUTCHR           PRINT SPACE
 1946 0DF2 FE 036B     OUTL7A LDX    CULINE           POINT TO LINE
 1947 0DF5 A6 00       OUTL7  LDAA   0,X              GET CHAR
 1948 0DF7 36                 PSHA                    SAVE A
 1949 0DF8 BD 1911            JSR    OUTCHR           PRINT CHAR
 1950 0DFB 08                 INX                     BUMP POINTER
 1951 0DFC 32                 PULA                    RESTORE A
 1952 0DFD 81 0D              CMPA   #$0D             CR?
 1953 0DFF 26 F4              BNE    OUTL7            NO
 1954 0E01 86 0A              LDAA   #$0A             YES
 1955 0E03 BD 1911            JSR    OUTCHR           PRINT LF
 1956 0E06 7F 0D23            CLR    POP
 1957 0E09 7F 0D22            CLR    MCOUNT
 1958 0E0C 7F 0362            CLR    RELFLG
 1959 0E0F 39                 RTS
 1960                  *
 1961 0E10 20          BLANK  FCB    $20              BLANKS
 1962 0E11 20                 FCB    $20
 1963 0E12 20                 FCB    $20
 1964 0E13 20          BLANK3 FCB    $20
 1965 0E14 20                 FCB    $20
 1966 0E15 20          BLANK5 FCB    $20
 1967 0E16 20          BLANK6 FCB    $20
 1968 0E17 20                 FCB    $20
 1969 0E18 04                 FCB    $04              EOT
 1970                  *
 1971                  * CONVERT BINARY 16 BITS TO 5 DECIMAL DIGITS
 1972                  * ON ENTRY (A,B) = 16 BITBINARY VALUE
 1973                  * [X] = ADDRESS OF 5 BYTE STRING FOR DECIMAL
 1974                  * (ASCII) CONVERTED VALUE
 1975                  *
 1976 0E19 FF 0E5A     CVBTD  STX    SAVEX            SAVE DATA PTR
 1977 0E1C CE 0E4F            LDX    #KIOK            LOAD PTR TO CONSTANTS
 1978 0E1F 7F 0E59     CVDEC1 CLR    SAVEA            INIT DEC CHAR
 1979 0E22 E0 01       CVDEC2 SUBB   1,X
 1980 0E24 A2 00              SBCA   0,X
 1981 0E26 25 05              BCS    CVDEC5           OVERFLOW
 1982 0E28 7C 0E59            INC    SAVEA            BUMP CHAR BEING BUILT
 1983 0E2B 20 F5              BRA    CVDEC2
 1984                  *
 1985 0E2D EB 01       CVDEC5 ADDB   1,X              RESTORE PARTIAL RESULT
 1986 0E2F A9 00              ADCA   0,X
 1987 0E31 36                 PSHA
 1988 0E32 FF 0E5C            STX    SAVEX1
 1989 0E35 FE 0E5A            LDX    SAVEX            LOAD STORE CHAR PTR
 1990 0E38 B6 0E59            LDAA   SAVEA
 1991 0E3B 8B 30              ADDA   #$30             MAKE ASCII CHAR
 1992 0E3D A7 00              STAA   0,X
 1993 0E3F 32                 PULA
 1994 0E40 08                 INX
 1995 0E41 FF 0E5A            STX    SAVEX
 1996 0E44 FE 0E5C            LDX    SAVEX1           LOAD PTR TO CONSTANTS
 1997 0E47 08                 INX
 1998 0E48 08                 INX
 1999 0E49 8C 0E59            CPX    #KIOK+10
 2000 0E4C 26 D1              BNE    CVDEC1
 2001 0E4E 39                 RTS
 2002                  *
 2003                  * CONSTANTS
 2004                  *
 2005 0E4F 27 10       KIOK   FDB    10000
 2006 0E51 03 E8              FDB    1000
 2007 0E53 00 64              FDB    100
 2008 0E55 00 0A              FDB    10
 2009 0E57 00 01              FDB    1
 2010                  *
 2011                  * TEMPORARY STORAGE
 2012                  *
 2013 0E59             SAVEA  RMB    1
 2014 0E5A             SAVEX  RMB    2
 2015 0E5C             SAVEX1 RMB    2
 2016                  *
 2017                  * PRINT ERROR MESSAGE ROUTINE
 2018                  * ON ENTRY [X] = ERROR NUM IN BCD
 2019                  *
 2020 0E5E             ERNUM  RMB    2                ERROR NUM IN BCD
 2021 0E60 2A 2A 2A 2A ERMSA  FCC    '**** ERROR# '
    + 0E64 20 45 52 52
    + 0E68 4F 52 23 20
 2022 0E6C             ERMSB  RMB    3                ERROR NUM IN ASCII
 2023 0E6F 20                 FCB    $20              BLANK
 2024 0E70             ERMSC  RMB    5                ERROR NUM IN ASCII
 2025 0E75 20                 FCB    $20              BLANK
 2026 0E76 3A                 FCC    ':'
 2027 0E77 04                 FCB    $04              EOT
 2028                  *
 2029 0E78 36          PRINTE PSHA
 2030 0E79 37                 PSHB
 2031 0E7A FF 0E5E            STX    ERNUM            SAVE ERROR NUM
 2032 0E7D B6 0E5E            LDAA   ERNUM            GET ERROR NUM
 2033 0E80 8B 30              ADDA   #$30             CONVERT TO ASCII
 2034 0E82 B7 0E6C            STAA   ERMSB            SAVE
 2035 0E85 B6 0E5F            LDAA   ERNUM+1          GET ERROR NUM
 2036 0E88 44                 LSRA                    SHIFT TO RIGHT NIBBLE
 2037 0E89 44                 LSRA
 2038 0E8A 44                 LSRA
 2039 0E8B 44                 LSRA
 2040 0E8C 8B 30              ADDA   #$30             CONVERT TO ASCII
 2041 0E8E B7 0E6D            STAA   ERMSB+1          SAVE
 2042 0E91 B6 0E5F            LDAA   ERNUM+1          GET ERROR NUM
 2043 0E94 84 0F              ANDA   #$0F             MASK OUT LEFT NIBBLE
 2044 0E96 8B 30              ADDA   #$30             CONVERT TO ASCII
 2045 0E98 B7 0E6E            STAA   ERMSB+2          SAVE
 2046 0E9B CE 0E70            LDX    #ERMSC           POINT TO LNUM AREA
 2047 0E9E B6 035A            LDAA   LNUM
 2048 0EA1 F6 035B            LDAB   LNUM+1
 2049 0EA4 BD 0E19            JSR    CVBTD            CONVERT LNUM TO DECIMAL
 2050 0EA7 CE 0E60            LDX    #ERMSA           PRINT MESSAGE
 2051 0EAA BD 18EA            JSR    PDATA1
 2052 0EAD BD 0DF2            JSR    OUTL7A           PRINT LAST PART OF LINE
 2053 0EB0 33                 PULB
 2054 0EB1 32                 PULA
 2055 0EB2 FE 0373            LDX    ECOUNT           BUMP ECOUNT
 2056 0EB5 08                 INX
 2057 0EB6 FF 0373            STX    ECOUNT
 2058 0EB9 FE 0E5E     PEXIT  LDX    ERNUM
 2059 0EBC 39                 RTS
 2060                  *
 2061                  *        ADDRESS TYPE 1
 2062                  *
 2063                  * [ADCADDAND BIT CMP EOR LDA ORA SBC SUB]
 2064                  *
 2065                  * IMMEDIATE (2 BYTES):
 2066                  *   CCC A #NUMBER      CCC B #NUMBER
 2067                  *   CCC A #SYMBOL      CCC B #SYMBOL
 2068                  *   CCC A #EXPRESSION  CCC B #EXPRESSION
 2069                  *   CCC A #'C'         CCC B #'C
 2070                  *
 2071                  * DIRECT (2 BYTES) OR EXTENDED (3 BYTES):
 2072                  *   CCC A NUMBER       CCC B NUMBER
 2073                  *   CCC A SYMBOL       CCC B SYMBOL
 2074                  *   CCC A EXPRESSION   CCC B EXPRESSION
 2075                  *
 2076                  * INDEXED (2 BYTE):
 2077                  *   CCC A NUMBER,X     CCC B NUMBER,X
 2078                  *   CCC A SYMBOL,X     CCC B SYMBOL,X
 2079                  *   CCC A EXPRESSION,X CCC B EXPRESSION,X
 2080                  *
 2081 0EBD BD 1149     ADDR1  JSR    ADRINT           INIT ADDR FIELD VALUES
 2082 0EC0 BD 07B3            JSR    NXTOK            GET NEXT TOKEN
 2083 0EC3 C1 0D              CMPB   #$0D             EOL?
 2084 0EC5 26 08              BNE    ADDR1B           NO
 2085                  *
 2086 0EC7 CE 0204     ADDR1A LDX    #$0204           ERROR
 2087 0ECA BD 0E78            JSR    PRINTE           PRINT
 2088 0ECD 20 5B              BRA    ADDR1E           RETURN
 2089                  *
 2090 0ECF BD 1177     ADDR1B JSR    ABRCK            CHECK FOR REG A OR B
 2091 0ED2 F6 1144            LDAB   ABR              NEITHER?
 2092 0ED5 27 F0              BEQ    ADDR1A           YES ERROR
 2093 0ED7 BD 07B3            JSR    NXTOK            GET NEXT TOKEN
 2094 0EDA C1 23              CMPB   #$23             IMMEDIATE MODE?
 2095 0EDC 26 14              BNE    ADDR1C           NO
 2096 0EDE 73 1145            COM    IMMED            SET IMMEDIATE FLAG
 2097 0EE1 BD 07B3            JSR    NXTOK            GET NEXT TOKEN
 2098 0EE4 C1 27              CMPB   #$27             "'" ?
 2099 0EE6 26 0A              BNE    ADDR1C           NO
 2100                  *
 2101 0EE8 FE 0369            LDX    CUCHAR           GET NEXT CHARACTER
 2102 0EEB A6 00              LDAA   0,X
 2103 0EED B7 0D26            STAA   ADR2
 2104 0EF0 20 0B              BRA    ADDR1K
 2105                  *
 2106 0EF2 BD 0A72     ADDR1C JSR    NSEVL            EVALUATE OPERAND
 2107 0EF5 BD 1197            JSR    P2ERR            PRINT PASS 2 ERRORS
 2108 0EF8 F6 1145            LDAB   IMMED            IMMEDIATE MODE?
 2109 0EFB 27 0C              BEQ    ADDR1D           NO
 2110 0EFD C6 80       ADDR1K LDAB   #$80             IMMEDIATE FORM A
 2111 0EFF F7 1147            STAB   ORBYA            NIBBLE
 2112 0F02 C6 C0              LDAB   #$C0             OF
 2113 0F04 F7 1148            STAB   ORBYB            MACHINE CODE
 2114 0F07 20 3C              BRA    ADDR1H
 2115                  *
 2116 0F09 BD 07B3     ADDR1D JSR    NXTOK            GET NEXT TOKEN
 2117 0F0C BD 1184            JSR    INXCK            INDEXED?
 2118 0F0F 26 2A              BNE    ADDR1G           YES
 2119                  *
 2120 0F11 7D 0363            TST    CMNFLG           COMMON?
 2121 0F14 26 0A              BNE    ADDR1L           YES
 2122                  *
 2123 0F16 7D 0362            TST    RELFLG           RELOC?
 2124 0F19 26 05              BNE    ADDR1L           YES
 2125                  *
 2126 0F1B F6 0D25            LDAB   ADR1             DIRECT?
 2127 0F1E 27 0F              BEQ    ADDR1F           YES
 2128                  *
 2129 0F20 C6 B0       ADDR1L LDAB   #$B0             EXTENDED,FORM A
 2130 0F22 F7 1147            STAB   ORBYA            NIBBLE
 2131 0F25 C6 F0              LDAB   #$F0             OF
 2132 0F27 F7 1148            STAB   ORBYB            MACHINE CODE
 2133                  *
 2134 0F2A BD 1224     ADDR1E JSR    LCNAB3           FORM MACHINE CODE
 2135 0F2D 20 19              BRA    ADDR1J
 2136                  *
 2137 0F2F C6 90       ADDR1F LDAB   #$90             DIRECT,FORM A
 2138 0F31 F7 1147            STAB   ORBYA            NIBBLE
 2139 0F34 C6 D0              LDAB   #$D0             OF
 2140 0F36 F7 1148            STAB   ORBYB            MACHINE CODE
 2141 0F39 20 0A              BRA    ADDR1H
 2142                  *
 2143 0F3B C6 A0       ADDR1G LDAB   #$A0             INDEXED,FORM A
 2144 0F3D F7 1147            STAB   ORBYA            NIBBLE
 2145 0F40 C6 E0              LDAB   #$E0             OF
 2146 0F42 F7 1148            STAB   ORBYB            MACHINE CODE
 2147                  *
 2148 0F45 BD 11D6     ADDR1H JSR    LCNAB2           FORM MACHINE CODE
 2149 0F48 BD 1278     ADDR1J JSR    LCLCN            LC:=LC+LCN
 2150 0F4B 7E 054D            JMP    MAIN1            RETURN TO MAIN LOOP
 2151                  *
 2152                  *        ADDRESS TYPE 2
 2153                  *
 2154                  * [STA]
 2155                  *
 2156                  * DIRECT (2 BYTES) OR EXTENDED (3 BYTES)
 2157                  *   CCC A NUMBER        CCC B NUMBER
 2158                  *   CCC A SYMBOL        CCC B SYMBOL
 2159                  *   CCC A EXPRESSION    CCC B EXPRESSION
 2160                  *
 2161                  * INDEXED (2 BYTES)
 2162                  *   CCC A NUMBER,X      CCC B NUMBER,X
 2163                  *   CCC A SYMBOL,X      CCC B SYMBOL,X
 2164                  *   CCC A EXPRESSION,X  CCC B EXPRESSION,X
 2165                  *
 2166 0F4E BD 1149     ADDR2  JSR    ADRINT           INIT ADR FIELD FLAGS
 2167 0F51 BD 07B3            JSR    NXTOK            GET NEXT TOKEN
 2168 0F54 C1 0D              CMPB   #$0D             EOL?
 2169 0F56 26 08              BNE    ADDR2B           NO
 2170                  *
 2171 0F58 CE 0204     ADDR2A LDX    #$0204           ERROR
 2172 0F5B BD 0E78            JSR    PRINTE           PRINT
 2173 0F5E 20 32              BRA    ADDR2E           RETURN
 2174                  *
 2175 0F60 BD 1177     ADDR2B JSR    ABRCK            CHECK FOR REGISTER A OR B
 2176 0F63 F6 1144            LDAB   ABR              NEITHER?
 2177 0F66 27 F0              BEQ    ADDR2A           YES ERROR
 2178 0F68 BD 07B3            JSR    NXTOK            GET NEXT TOKEN
 2179 0F6B BD 0A72            JSR    NSEVL            EVALUATE OPERAND
 2180 0F6E BD 1197            JSR    P2ERR            PRINT PASS 2 ERRORS
 2181 0F71 BD 07B3            JSR    NXTOK            GET NEXT TOKEN
 2182 0F74 BD 1184            JSR    INXCK            INDEXED?
 2183 0F77 26 2A              BNE    ADDR2G           YES
 2184                  *
 2185 0F79 7D 0363            TST    CMNFLG           COMMON?
 2186 0F7C 26 0A              BNE    ADDR2K           YES
 2187                  *
 2188 0F7E 7D 0362            TST    RELFLG           RELOC?
 2189 0F81 26 05              BNE    ADDR2K           YES
 2190                  *
 2191 0F83 F6 0D25            LDAB   ADR1             DIRECT?
 2192 0F86 27 0F              BEQ    ADDR2F           YES
 2193                  *
 2194 0F88 C6 B0       ADDR2K LDAB   #$B0             EXTENDED,FORM A
 2195 0F8A F7 1147            STAB   ORBYA            NIBBLE
 2196 0F8D C6 F0              LDAB   #$F0             OF
 2197 0F8F F7 1148            STAB   ORBYB            MACHINE CODE
 2198                  *
 2199 0F92 BD 1224     ADDR2E JSR    LCNAB3           FORM MACHINE CODE
 2200 0F95 20 19              BRA    ADDR2J
 2201                  *
 2202 0F97 C6 90       ADDR2F LDAB   #$90             DIRECT,FORM A
 2203 0F99 F7 1147            STAB   ORBYA            NIBBLE
 2204 0F9C C6 D0              LDAB   #$D0             OF
 2205 0F9E F7 1148            STAB   ORBYB            MACHINE CODE
 2206 0FA1 20 0A              BRA    ADDR2H
 2207                  *
 2208 0FA3 C6 A0       ADDR2G LDAB   #$A0             INDEXED,FORM A
 2209 0FA5 F7 1147            STAB   ORBYA            NIBBLE
 2210 0FA8 C6 E0              LDAB   #$E0             OF
 2211 0FAA F7 1148            STAB   ORBYB            MACHINE CODE
 2212                  *
 2213 0FAD BD 11D6     ADDR2H JSR    LCNAB2           FORM MACHINE CODE
 2214 0FB0 BD 1278     ADDR2J JSR    LCLCN            LC:=LC+LCN
 2215 0FB3 7E 054D            JMP    MAIN1            RETURN TO MAIN LOOP
 2216                  *
 2217                  *        ADDRESS TYPE 3
 2218                  *
 2219                  * [ASL ASR CLR COM DEC INC LSR NEG ROL ROR TST]
 2220                  *
 2221                  * ACCUMULATOR (1 BYTE)
 2222                  *   CCC A
 2223                  *   CCC B
 2224                  *
 2225                  * EXTENDED (3 BYTES)
 2226                  *   CCC NUMBER
 2227                  *   CCC SYMBOL
 2228                  *   CCC EXPRESSION
 2229                  *
 2230                  * INDEXED (2 BYTES)
 2231                  *   CCC NUMBER,X
 2232                  *   CCC SYMBOL,X
 2233                  *   CCC EXPRESSION,X
 2234                  *
 2235 0FB6 BD 1149     ADDR3  JSR    ADRINT           INIT ADR FIELD FLAGS
 2236 0FB9 BD 07B3            JSR    NXTOK            GET NEXT TOKEN
 2237 0FBC C1 0D              CMPB   #$0D             EOL?
 2238 0FBE 26 08              BNE    ADDR3B           NO
 2239                  *
 2240 0FC0 CE 0204            LDX    #$0204           ERROR
 2241 0FC3 BD 0E78            JSR    PRINTE           PRINT
 2242 0FC6 20 2A              BRA    ADDR3D           RETURN
 2243                  *
 2244 0FC8 BD 1177     ADDR3B JSR    ABRCK            CHECK FOR REGISTER A OR B
 2245 0FCB 7D 1144            TST    ABR              NEITHER?
 2246 0FCE 27 0F              BEQ    ADDR3C           YES
 2247 0FD0 C6 40              LDAB   #$40             ACCUMULATOR,FORM A
 2248 0FD2 F7 1147            STAB   ORBYA            NIBBLE
 2249 0FD5 C6 50              LDAB   #$50             OF
 2250 0FD7 F7 1148            STAB   ORBYB            MACHINE CODE
 2251 0FDA BD 11AA            JSR    LCNAB1           FORM MACHINE CODE
 2252 0FDD 20 20              BRA    ADDR3F
 2253                  *
 2254 0FDF BD 0A72     ADDR3C JSR    NSEVL            EVALUATE OPERAND
 2255 0FE2 BD 1197            JSR    P2ERR            PRINT PASS 2 ERRORS
 2256 0FE5 BD 07B3            JSR    NXTOK            GET NEXT TOKEN
 2257 0FE8 BD 1184            JSR    INXCK            INDEXED?
 2258 0FEB 26 0A              BNE    ADDR3E           YES
 2259                  *
 2260 0FED C6 70              LDAB   #$70             EXTENDED,FORM A
 2261 0FEF F7 1147            STAB   ORBYA            NIBBLE OF MACHINE CODE
 2262                  *
 2263 0FF2 BD 1242     ADDR3D JSR    LCN3             FORM MACHINE CODE
 2264 0FF5 20 08              BRA    ADDR3F
 2265                  *
 2266 0FF7 C6 60       ADDR3E LDAB   #$60             INDEXED,FORM A
 2267 0FF9 F7 1147            STAB   ORBYA            NIBBLE OF MACHINE CODE
 2268 0FFC BD 11F4            JSR    LCN2             FORM MACHINE CODE
 2269                  *
 2270 0FFF BD 1278     ADDR3F JSR    LCLCN            LC:=LC+LCN
 2271 1002 7E 054D            JMP    MAIN1            RETURN TO MAIN LOOP
 2272                  *
 2273                  *        ADDRESS TYPE 4
 2274                  *
 2275                  * [PSH PUL]
 2276                  *
 2277                  * ACCUMULATOR (1 BYTE)
 2278                  *   PSH A
 2279                  *   PSH B
 2280                  *   PUL A
 2281                  *   PUL B
 2282                  *
 2283 1005 BD 1149     ADDR4  JSR    ADRINT           INIT ADDRESS FIELD FLAGS
 2284 1008 BD 07B3            JSR    NXTOK            GET NEXT TOKEN
 2285 100B BD 1177            JSR    ABRCK            CHECK FOR A, B REG
 2286 100E 7D 1144            TST    ABR              NEITHER ?
 2287 1011 26 06              BNE    ADDR4A           NO
 2288                  *
 2289 1013 CE 0204            LDX    #$0204           ERROR
 2290 1016 BD 0E78            JSR    PRINTE
 2291                  *
 2292 1019 7C 1148     ADDR4A INC    ORBYB            ORBYB:=01
 2293 101C BD 11AA            JSR    LCNAB1           FORM MC
 2294 101F BD 1278            JSR    LCLCN            LC:=LC+LCN
 2295 1022 7E 054D            JMP    MAIN1            RETURN TO MAIN LOOP
 2296                  *
 2297                  *        ADDRESS TYPE 5
 2298                  *
 2299                  * [CPX LDS LDX]
 2300                  *
 2301                  * IMMEDIATE (3 BYETS)
 2302                  *   CCC #NUMBER
 2303                  *   CCC #SYMBOL
 2304                  *   CCC #EXPRESSION
 2305                  *   CCC #'CC
 2306                  *
 2307                  * DIRECT (2 BYTES) OR EXTENDED (3 BYTES)
 2308                  *   CCC NUMBER
 2309                  *   CCC SYMBOL
 2310                  *   CCC EXPRESSION
 2311                  *
 2312                  * INDEXED (2 BYTES)
 2313                  *   CCC NUMBER,X
 2314                  *   CCC SYMBOL,X
 2315                  *   CCC EXPESSION,X
 2316                  *
 2317 1025 BD 1149     ADDR5  JSR    ADRINT           INIT ADDRESS FIELD FLAGS
 2318 1028 BD 07B3            JSR    NXTOK            GET NEXT TOKEN
 2319 102B C1 0D              CMPB   #$0D             EOL?
 2320 102D 26 08              BNE    ADDR5B           NO
 2321                  *
 2322 102F CE 0240     ADDR5A LDX    #$0240           ERROR
 2323 1032 BD 0E78            JSR    PRINTE           PRINT
 2324 1035 20 46              BRA    ADDR5E           RETURN
 2325                  *
 2326 1037 C1 23       ADDR5B CMPB   #$23             IMMEDIATE?
 2327 1039 26 19              BNE    ADDR5C           NO
 2328 103B 73 1145            COM    IMMED            SET IMMEDIATE FLAG
 2329 103E BD 07B3            JSR    NXTOK            GET NEXT TOKEN
 2330 1041 C1 27              CMPB   #$27             "'" ?
 2331 1043 26 0F              BNE    ADDR5C           NO
 2332                  *
 2333 1045 FE 0369            LDX    CUCHAR           YES,GET NEXT 2 CHARACTERS
 2334 1048 A6 00              LDAA   0,X
 2335 104A B7 0D25            STAA   ADR1
 2336 104D A6 01              LDAA   1,X
 2337 104F B7 0D26            STAA   ADR2
 2338 1052 20 29              BRA    ADDR5E
 2339                  *
 2340 1054 BD 0A72     ADDR5C JSR    NSEVL            EVALUATE OPERAND
 2341 1057 BD 1197            JSR    P2ERR            PRINT PASS 2 ERRORS
 2342 105A F6 1145            LDAB   IMMED            IMMEDIATE?
 2343 105D 27 02              BEQ    ADDR5D           NO
 2344 105F 20 1C              BRA    ADDR5E           YES
 2345                  *
 2346 1061 BD 07B3     ADDR5D JSR    NXTOK            GET NEXT TOKEN
 2347 1064 BD 1184            JSR    INXCK            INDEXED?
 2348 1067 26 20              BNE    ADDR5G           YES
 2349                  *
 2350 1069 7D 0363            TST    CMNFLG           COMMON?
 2351 106C 26 0A              BNE    ADDR5K           YES
 2352                  *
 2353 106E 7D 0362            TST    RELFLG           RELOC?
 2354 1071 26 05              BNE    ADDR5K           YES
 2355                  *
 2356 1073 F6 0D25            LDAB   ADR1             DIRECT?
 2357 1076 27 0A              BEQ    ADDR5F           YES
 2358                  *
 2359 1078 C6 30       ADDR5K LDAB   #$30             EXTENDED,FORM A
 2360 107A F7 1147            STAB   ORBYA            NIBBLE OF MACHINE CODE
 2361 107D BD 1242     ADDR5E JSR    LCN3             FORM MACHINE CODE
 2362 1080 20 0F              BRA    ADDR5J
 2363                  *
 2364 1082 C6 10       ADDR5F LDAB   #$10             DIRECT,FORM A
 2365 1084 F7 1147            STAB   ORBYA            NIBBLE OF MACHINE CODE
 2366 1087 20 05              BRA    ADDR5H
 2367                  *
 2368 1089 C6 20       ADDR5G LDAB   #$20             INDEXED,FORM A
 2369 108B F7 1147            STAB   ORBYA            NIBBLE OF MC
 2370                  *
 2371 108E BD 11F4     ADDR5H JSR    LCN2             FORM MC
 2372 1091 BD 1278     ADDR5J JSR    LCLCN            LC:=LC+LCN
 2373 1094 7E 054D            JMP    MAIN1            RETURN TO MAIN LOOP
 2374                  *
 2375                  *        ADDRESS TYPE 6
 2376                  *
 2377                  * [STX STS]
 2378                  *
 2379                  * DIRECT (2 BYTES) OR EXTENDED (3 BYTES)
 2380                  *   CCC NUMBER
 2381                  *   CCC SYMBOL
 2382                  *   CCC EXPRESSION
 2383                  *
 2384                  * INDEXED (2 BYTES)
 2385                  *   CCC NUMBER,X
 2386                  *   CCC SYMBOL,X
 2387                  *   CCC EXPRESSION,X
 2388                  *
 2389 1097 BD 1149     ADDR6  JSR    ADRINT           INIT ADDRESS FIELD FLAGS
 2390 109A BD 07B3            JSR    NXTOK            GET NEXT TOKEN
 2391 109D C1 0D              CMPB   #$0D             EOL?
 2392 109F 26 B3              BNE    ADDR5C           NO
 2393 10A1 20 8C              BRA    ADDR5A           YES,ERROR
 2394                  *
 2395                  *        ADDRESS TYPE 7
 2396                  *
 2397                  * [JMP JSR]
 2398                  *
 2399                  * INDEXED (2 BYTES)
 2400                  *   CCC NUMBER,X
 2401                  *   CCC SYMBOL,X
 2402                  *   CCC EXPRESSION,X
 2403                  *
 2404 10A3 BD 1149     ADDR7  JSR    ADRINT           INIT ADDRESS FIELF FLAGS
 2405 10A6 BD 07B3            JSR    NXTOK            GET NEXT TOKEN
 2406 10A9 C1 0D              CMPB   #$0D             EOL?
 2407 10AB 26 08              BNE    ADDR7A           NO
 2408                  *
 2409 10AD CE 0204            LDX    #$0204           ERROR
 2410 10B0 BD 0E78            JSR    PRINTE           PRINT
 2411 10B3 20 0E              BRA    ADDR7B
 2412                  *
 2413 10B5 BD 0A72     ADDR7A JSR    NSEVL            EVALUATE OPERAND
 2414 10B8 BD 1197            JSR    P2ERR            PRINT PASS 2 ERRORS
 2415 10BB BD 07B3            JSR    NXTOK            GET NEXT TOKEN
 2416 10BE BD 1184            JSR    INXCK            INDEXED?
 2417 10C1 26 0A              BNE    ADDR7C           YES
 2418                  *
 2419 10C3 C6 10       ADDR7B LDAB   #$10             EXTENDED,FORM A NIBBLE
 2420 10C5 F7 1147            STAB   ORBYA            OF MC
 2421 10C8 BD 1242            JSR    LCN3             FORM MACHINE CODE
 2422 10CB 20 03              BRA    ADDR7D
 2423                  *
 2424 10CD BD 11F4     ADDR7C JSR    LCN2             FORM MACHINE CODE
 2425 10D0 BD 1278     ADDR7D JSR    LCLCN            LC:=LC+LCN
 2426 10D3 7E 054D            JMP    MAIN1            RETURN TO MAIN LOOP
 2427                  *
 2428                  *        ADDRESS TYPE 8
 2429                  *
 2430                  * [BCC BCS BEQ BGE BGT BHI BLE BLS
 2431                  *  BLT BMI BNE BPL BRA BSR BVC BVS]
 2432                  *
 2433                  * RELATIVE (2 BYTES)
 2434                  *   CCC NUMBER
 2435                  *   CCC SYMBOL
 2436                  *   CCC EXPRESSION
 2437                  *
 2438 10D6 BD 1149     ADDR8  JSR    ADRINT           INIT ADDRESS FIELD FLAGS
 2439 10D9 BD 07B3            JSR    NXTOK            GET NEXT TOKEN
 2440 10DC C1 0D              CMPB   #$0D             EOL?
 2441 10DE 26 08              BNE    ADDR8A           NO
 2442                  *
 2443 10E0 CE 0204            LDX    #$0204           ERROR
 2444 10E3 BD 0E78            JSR    PRINTE           PRINT
 2445 10E6 20 36              BRA    ADDR8D
 2446                  *
 2447 10E8 7D 0360     ADDR8A TST    PASS             PASS ?
 2448 10EB 27 31              BEQ    ADDR8D           PASS1
 2449                  *
 2450 10ED BD 0A72            JSR    NSEVL            PASS 2 EVAL OPERAND
 2451 10F0 BD 1197            JSR    P2ERR            PRINT PASS 2 ERRORS
 2452 10F3 FE 035E            LDX    LC               LSAVE:=LC+2
 2453 10F6 08                 INX
 2454 10F7 08                 INX
 2455 10F8 FF 0370            STX    LSAVE
 2456 10FB B6 0D26            LDAA   ADR2             CALCULATE OFFSET
 2457 10FE F6 0D25            LDAB   ADR1
 2458 1101 B0 0371            SUBA   LSAVE+1
 2459 1104 F2 0370            SBCB   LSAVE
 2460                  *
 2461 1107 C1 FF              CMPB   #$FF             CHECK FOR OUT OF RANGE
 2462 1109 26 03              BNE    ADDR8E
 2463 110B 4D                 TSTA                    NEGATIVE? (FF - 80)
 2464 110C 2B 0D              BMI    ADDR8C           OK
 2465                  *
 2466 110E C1 00       ADDR8E CMPB   #$00
 2467 1110 26 03              BNE    ADDR8F           OUT OF RANGE
 2468 1112 4D                 TSTA                    POSITIVE? (00 - 7F)
 2469 1113 2A 06              BPL    ADDR8C           OK
 2470                  *
 2471 1115 CE 0208     ADDR8F LDX    #$0208           ERROR
 2472 1118 BD 0E78            JSR    PRINTE           PRINT
 2473                  *
 2474 111B B7 0D26     ADDR8C STAA   ADR2             SAVE OFFSET
 2475 111E BD 11F4     ADDR8D JSR    LCN2             FORM MC
 2476 1121 BD 1278            JSR    LCLCN            LC:=LC+LCN
 2477 1124 7E 054D            JMP    MAIN1            RETURN TO MAIN LOOP
 2478                  *
 2479                  *        ADDRESS TYPE 9
 2480                  *
 2481                  * [ABA CBA CLC CLI CLV DES DEX INS
 2482                  *  INX NOP RTI RTS SBA SEC SEI SEV
 2483                  *  SWI TAB TAP TBA TPA TSX TXS WAI]
 2484                  *
 2485                  * INHERENT (1 BYTE)
 2486                  *   CCC
 2487                  *
 2488 1127 BD 1149     ADDR9  JSR    ADRINT           INIT ADDRESS FIELD FLAGS
 2489 112A 7D 0360            TST    PASS             PASS ?
 2490 112D 27 06              BEQ    ADDR9A           PASS 1
 2491                  *
 2492 112F BD 1862            JSR    OUTSET
 2493 1132 BD 189A            JSR    OUTBIN           OUTPUT MC
 2494                  *
 2495 1135 7C 0D22     ADDR9A INC    MCOUNT           MCOUNT:=1
 2496 1138 7C 036F            INC    LCN              LCN:=1
 2497 113B BD 0CCB            JSR    PRINTL
 2498 113E BD 1278            JSR    LCLCN            LC:=LC+LCN
 2499 1141 7E 054D            JMP    MAIN1            RETURN TO MAIN LOOP
 2500                  *
 2501                  * ROUTINES USED TO INIT AND CHECK ADDRESS FIELD
 2502                  * FLAGS,MC FORMS AND LISTING FLAGS.
 2503                  *
 2504 1144             ABR    RMB    1                REG A OR B FLAG
 2505 1145             IMMED  RMB    1                IMMEDIATE MODE FLAG
 2506 1146             INDEX  RMB    1                INDEX MODE FLAG
 2507 1147             ORBYA  RMB    1                FORM FOR A NIBBLE OF MC
 2508 1148             ORBYB  RMB    1                FORM FOR A NIBBLE OF MC
 2509                  *
 2510 1149 7F 036F     ADRINT CLR    LCN
 2511 114C 7F 0362            CLR    RELFLG
 2512 114F 7F 0363            CLR    CMNFLG
 2513 1152 7F 0364            CLR    EXTFLG
 2514 1155 7F 0365            CLR    ENTFLG
 2515 1158 7F 0D23            CLR    POP
 2516 115B F7 0D24            STAB   OPCD             SAVE OPCODE
 2517 115E 7F 0D22            CLR    MCOUNT
 2518 1161 7F 1144            CLR    ABR
 2519 1164 7F 1145            CLR    IMMED
 2520 1167 7F 1146            CLR    INDEX
 2521 116A 7F 0D25            CLR    ADR1
 2522 116D 7F 0D26            CLR    ADR2
 2523 1170 7F 1147            CLR    ORBYA
 2524 1173 7F 1148            CLR    ORBYB
 2525 1176 39                 RTS
 2526                  *
 2527                  * CHECK FOR PRESENCE OF A OR B REG
 2528                  *
 2529 1177 C1 41       ABRCK  CMPB   #'A'             IS "A"?
 2530 1179 27 05              BEQ    ABRCKA           YES
 2531 117B C1 42              CMPB   #'B'             IS "B"?
 2532 117D 27 01              BEQ    ABRCKA           YES
 2533 117F 39                 RTS                     NEITHER, RETURN
 2534                  *
 2535 1180 F7 1144     ABRCKA STAB   ABR              SAVE REG
 2536 1183 39                 RTS
 2537                  *
 2538                  * CHECK FOR INDEXED MODE
 2539                  *
 2540 1184 C1 2C       INXCK  CMPB   #$2C             COMMA?
 2541 1186 26 0B              BNE    INXCKR           NO
 2542 1188 BD 07B3            JSR    NXTOK            GET NEXT TOKEN
 2543 118B C1 58              CMPB   #'X'             IS "X"?
 2544 118D 26 04              BNE    INXCKR           NO
 2545 118F 73 1146            COM    INDEX            INDEX:=FF
 2546 1192 39                 RTS
 2547                  *
 2548 1193 7F 1146     INXCKR CLR    INDEX
 2549 1196 39                 RTS
 2550                  *
 2551                  * CHECK FOR PASS 2 ERRORS
 2552                  *
 2553 1197 C1 FF       P2ERR  CMPB   #$FF             ERROR (FROM NSEVL)?
 2554 1199 26 0E              BNE    P2ERRB           NO
 2555                  *
 2556 119B 7D 0360            TST    PASS             YES,PASS?
 2557 119E 27 03              BEQ    P2ERRA           PASS1
 2558 11A0 BD 0E78            JSR    PRINTE           PASS 2,PRINT ERROR
 2559 11A3 7F 0D25     P2ERRA CLR    ADR1
 2560 11A6 73 0D25            COM    ADR1             ADR1:=FF (TO KILL DIRECT)
 2561 11A9 39          P2ERRB RTS
 2562                  *
 2563                  * ROUTINES TO FINISH UP ADDRESS TYPE PROCESSING
 2564                  * THESE ROUTINES DO THE FOLLOWING:
 2565                  *   PASS 1:
 2566                  *     A. LCN := # OF BYTES IN THE INSTRUCTION
 2567                  *   PASS 2:
 2568                  *     A. FORM COMPLETE OPCODE
 2569                  *     B. OUTPUT MACHINE CODE GENERATED
 2570                  *     C. PRINT A LINE OF LISTIN
 2571                  *     D. LCN := # OF BYTES IN THE INSTRUCTION
 2572                  *
 2573                  * LCNAB1 - 1 BYTE ACCUMULATOR INSTRUCTIONS
 2574                  *
 2575 11AA 7D 0360     LCNAB1 TST    PASS             PASS?
 2576 11AD 27 23              BEQ    LNAB1S           PASS 1
 2577                  *
 2578 11AF F6 0D24            LDAB   OPCD             PASS 2,LOAD PARTIAL OPCODE
 2579                  *
 2580                  * EXTENDED (3 BYTES):
 2581                  *   CCC  NUMBER
 2582                  *   CCC  SYMBOL
 2583                  *   CCC  EXPRESSION
 2584                  *
 2585 11B2 B6 1144            LDAA   ABR              A OR B?
 2586 11B5 27 0F              BEQ    LNAB1O           NEITHER
 2587                  *
 2588 11B7 81 42              CMPA   #$42             IS "B"?
 2589 11B9 27 05              BEQ    LNAB1B           YES
 2590 11BB FA 1147            ORAB   ORBYA            A FORM COMPLETE OPCODE
 2591 11BE 20 03              BRA    LNAB1C
 2592                  *
 2593 11C0 FA 1148     LNAB1B ORAB   ORBYB            B FORM COMPLETE OPCODE
 2594 11C3 F7 0D24     LNAB1C STAB   OPCD             SAVE
 2595 11C6 BD 1862     LNAB1O JSR    OUTSET
 2596 11C9 BD 189A            JSR    OUTBIN           OUTPUT OPCODE
 2597 11CC 7C 0D22            INC    MCOUNT           MCOUNT:=1
 2598 11CF BD 0CCB            JSR    PRINTL           PRINT A LINE OF LISTING
 2599 11D2 7C 036F     LNAB1S INC    LCN              LCN=1
 2600 11D5 39                 RTS                     RETURN
 2601                  *
 2602                  * LCNAB2 2 BYTE REGISTER (A,B); INDEXED,
 2603                  * DIRECT, AND IMMEDIATE TYPE INSTRUCTIONS
 2604                  *
 2605 11D6 7D 0360     LCNAB2 TST    PASS             PASS ?
 2606 11D9 27 42              BEQ    LCN2B            PASS 1
 2607                  *
 2608 11DB F6 0D24            LDAB   OPCD             PASS 2,GET PARTIAL OPCODE
 2609 11DE B6 1144            LDAA   ABR              A OR B ?
 2610 11E1 27 25              BEQ    LCN2A            NEITHER
 2611                  *
 2612 11E3 81 42              CMPA   #'B'             B ?
 2613 11E5 27 05              BEQ    LNB2             YES
 2614 11E7 FA 1147            ORAB   ORBYA            A, FORM COMPLETE OPCODE
 2615 11EA 20 03              BRA    LNAB2S
 2616                  *
 2617 11EC FA 1148     LNB2   ORAB   ORBYB            B, FORM COMPLETE OPCODE
 2618 11EF F7 0D24     LNAB2S STAB   OPCD             SAVE
 2619 11F2 20 14              BRA    LCN2A            FINISH UP
 2620                  *
 2621                  * LCN2 2 BYTE INDEXED, DIRECT, AND IMMEDIATE TYPE
 2622                  * INSTRUCTIONS
 2623                  *
 2624 11F4 7D 0360     LCN2   TST    PASS             PASS ?
 2625 11F7 27 24              BEQ    LCN2B            PASS 1
 2626                  *
 2627 11F9 7F 0362            CLR    RELFLG
 2628 11FC 7F 0363            CLR    CMNFLG
 2629 11FF F6 0D24            LDAB   OPCD             PASS 2,GET PARTIAL OPCODE
 2630 1202 FA 1147            ORAB   ORBYA            FORM COMPLETE OPCODE
 2631 1205 F7 0D24            STAB   OPCD             SAVE
 2632                  *
 2633 1208 BD 1862     LCN2A  JSR    OUTSET
 2634 120B BD 189A            JSR    OUTBIN           OUPUT OPCODE
 2635 120E F6 0D26            LDAB   ADR2             GET ADDRESS PART OF MC
 2636 1211 BD 189A            JSR    OUTBIN           OUTPUT IT
 2637 1214 7C 0D22            INC    MCOUNT           MCOUNT:=2
 2638 1217 7C 0D22            INC    MCOUNT
 2639 121A BD 0CCB            JSR    PRINTL           PRINT A LINE OF LISTING
 2640                  *
 2641 121D 7C 036F     LCN2B  INC    LCN              LCN:=2
 2642 1220 7C 036F            INC    LCN
 2643 1223 39                 RTS                     RETURN
 2644                  *
 2645                  * LCNAB3 3 BYTE REGISTER (A,B) EXTENDED TYPE
 2646                  * INSTRUCTIONS
 2647                  *
 2648 1224 7D 0360     LCNAB3 TST    PASS             PASS ?
 2649 1227 27 45              BEQ    LCN3B            PASS 1
 2650                  *
 2651 1229 F6 0D24            LDAB   OPCD             PASS 2 GET PARTIAL OPCODE
 2652 122C B6 1144            LDAA   ABR              A OR B ?
 2653 122F 27 1F              BEQ    LCN3A            NEITHER
 2654 1231 81 42              CMPA   #'B'             B ?
 2655 1233 27 05              BEQ    LNB3             YES
 2656 1235 FA 1147            ORAB   ORBYA            A, FORM COMPLETE OPCODE
 2657 1238 20 03              BRA    LNAB3S
 2658                  *
 2659 123A FA 1148     LNB3   ORAB   ORBYB            B, FORM COMPLETE OPCODE
 2660 123D F7 0D24     LNAB3S STAB   OPCD             SAVE
 2661 1240 20 0E              BRA    LCN3A            FINISH UP
 2662                  *
 2663                  * LCN3 3 BYTE EXTENDED AND IMMEDIATE TYPE
 2664                  * INSTRUCTIONS
 2665                  *
 2666 1242 7D 0360     LCN3   TST    PASS             PASS ?
 2667 1245 27 27              BEQ    LCN3B            PASS 1
 2668                  *
 2669 1247 F6 0D24            LDAB   OPCD             GET PARTIAL OPCODE
 2670 124A FA 1147            ORAB   ORBYA            FORM COMPLETE OPCODE
 2671 124D F7 0D24            STAB   OPCD             SAVE
 2672                  *
 2673 1250 BD 1862     LCN3A  JSR    OUTSET
 2674 1253 BD 189A            JSR    OUTBIN           OUTPUT OPCODE
 2675 1256 F6 0D25            LDAB   ADR1             OUTPUT THE REST OF THE MC
 2676 1259 BD 189A            JSR    OUTBIN
 2677 125C F6 0D26            LDAB   ADR2
 2678 125F BD 189A            JSR    OUTBIN
 2679                  *
 2680 1262 7C 0D22            INC    MCOUNT           MCOUNT:=3
 2681 1265 7C 0D22            INC    MCOUNT
 2682 1268 7C 0D22            INC    MCOUNT
 2683 126B BD 0CCB            JSR    PRINTL           PRINT A LINE OF LISTING
 2684                  *
 2685 126E 7C 036F     LCN3B  INC    LCN              LCN:=3
 2686 1271 7C 036F            INC    LCN
 2687 1274 7C 036F            INC    LCN
 2688 1277 39                 RTS                     RETURN
 2689                  *
 2690                  * LCLCN  LC := LC + LCN
 2691                  *
 2692 1278 B6 035F     LCLCN  LDAA   LC+1
 2693 127B F6 035E            LDAB   LC
 2694 127E BB 036F            ADDA   LCN              ADD LCN
 2695 1281 C9 00              ADCB   #$00
 2696 1283 B7 035F            STAA   LC+1             SAVE LC
 2697 1286 F7 035E            STAB   LC
 2698 1289 39                 RTS                     RETURN
 2699                  *
 2700                  * POEND: PROCESS END PSEUDO OP
 2701                  *
 2702 128A BD 1149     POEND  JSR    ADRINT           INIT FLAGS
 2703 128D BD 17B1            JSR    LBLCK            CHECK FOR A LABEL
 2704 1290 7D 0360     POEND0 TST    PASS             PASS ?
 2705 1293 26 0F              BNE    POEND2           PASS2
 2706                  *
 2707 1295 FE 035E            LDX    LC               PASS1
 2708 1298 FF 035C            STX    TSTPH            TSTPH:=LC
 2709 129B 73 0360            COM    PASS             PASS:=PASS 2
 2710                  *
 2711 129E BD 034A            JSR    RESTR            REWIND INPUT FILE
 2712                  *
 2713 12A1 7E 0524            JMP    PASS2            EXECUTE PASS2
 2714                  *
 2715 12A4 FE 035C     POEND2 LDX    TSTPH            PHASING ERRORS?
 2716 12A7 BC 035E            CPX    LC
 2717 12AA 27 06              BEQ    ENDP2            NO
 2718                  *
 2719 12AC CE 0220            LDX    #$0220
 2720 12AF BD 0E78            JSR    PRINTE           PRINT ERROR
 2721                  *
 2722 12B2 B6 0359     ENDP2  LDAA   OPTNS
 2723 12B5 85 80              BITA   #$80             LISTING?
 2724 12B7 26 06              BNE    ENDP3            NO
 2725                  *
 2726 12B9 BD 0CCB            JSR    PRINTL
 2727 12BC BD 13FA            JSR    CRLF
 2728                  *
 2729 12BF B6 0359     ENDP3  LDAA   OPTNS
 2730 12C2 85 20              BITA   #$20             LIST SYMTAB?
 2731 12C4 27 03              BEQ    SORT1            YES
 2732                  *
 2733 12C6 7E 1389            JMP    ENDP6            NO
 2734                  *
 2735 12C9 CE 1404     SORT1  LDX    #ZZZ             INIT SORT
 2736 12CC FF 140D            STX    CBLOCK
 2737 12CF 7F 1411            CLR    SORTF            CLEAR SORT FLAG
 2738 12D2 FE 0353            LDX    SYMTAB           POINT TO TABLE
 2739 12D5 20 09              BRA    SORT3
 2740                  *
 2741 12D7 08          SORT2  INX
 2742 12D8 08                 INX
 2743 12D9 08                 INX
 2744 12DA 08                 INX
 2745 12DB 08                 INX
 2746 12DC 08                 INX
 2747 12DD 08                 INX
 2748 12DE 08                 INX
 2749 12DF 08                 INX
 2750                  *
 2751 12E0 BC 0357     SORT3  CPX    SYMEND           AT TABLE END?
 2752 12E3 26 0B              BNE    SORT2A           NO
 2753                  *
 2754 12E5 7D 1411            TST    SORTF            FOUND AN ENTRY?
 2755 12E8 27 03              BEQ    *+5
 2756                  *
 2757 12EA 7E 1327            JMP    SORT5            PRINT ENTRY
 2758 12ED 7E 1389            JMP    ENDP6            ALL DONE
 2759                  *
 2760 12F0 E6 00       SORT2A LDAB   0,X
 2761 12F2 C1 20              CMPB   #$20             BLANK?
 2762 12F4 27 E1              BEQ    SORT2            YES, GET NEXT ENTRY
 2763                  *
 2764 12F6 E6 08              LDAB   8,X
 2765 12F8 C1 FF              CMPB   #$FF             USED ENTRY?
 2766 12FA 27 DB              BEQ    SORT2            YES
 2767                  *
 2768                  * COMPARE ENTRY AT CBLOCK WITH NEW ENTRY
 2769                  *
 2770 12FC FF 140F            STX    CXS2             SET UP FOR COMPARISON
 2771 12FF FF 08A2            STX    PSTNG2
 2772 1302 FE 140D            LDX    CBLOCK
 2773 1305 FF 08A0            STX    PSTNG1
 2774 1308 C6 06              LDAB   #6
 2775 130A F7 08A4            STAB   PCOUNT
 2776 130D CE 08A0            LDX    #PSTNG1
 2777 1310 BD 0782            JSR    COMPAR
 2778 1313 22 05              BHI    SORT4            NEED SWITCH
 2779                  *
 2780 1315 FE 140F            LDX    CXS2
 2781 1318 20 BD              BRA    SORT2
 2782                  *
 2783 131A FE 140F     SORT4  LDX    CXS2             NEW CBLOCK POINTERS
 2784 131D FF 140D            STX    CBLOCK
 2785 1320 C6 FF              LDAB   #$FF
 2786 1322 F7 1411            STAB   SORTF            SET SORT FLAG
 2787 1325 20 B0              BRA    SORT2
 2788                  *
 2789 1327 BD 0CE7     SORT5  JSR    LINCK
 2790 132A C6 06              LDAB   #6
 2791 132C FE 140D            LDX    CBLOCK
 2792                  *
 2793 132F A6 00       ENDP4  LDAA   0,X              GET CHAR
 2794 1331 BD 1911            JSR    OUTCHR           PRINT
 2795 1334 08                 INX                     POINT TO NEXT CHAR
 2796 1335 5A                 DECB                    DECR COUNT
 2797 1336 26 F7              BNE    ENDP4            NOT DONE
 2798                  *
 2799 1338 86 20              LDAA   #$20             PRINT SPACE
 2800 133A BD 1911            JSR    OUTCHR
 2801 133D BD 18FA            JSR    OUT4HS           PRINT 4 HEX LOCATION
 2802 1340 FF 1412            STX    ENDXS
 2803 1343 E6 00              LDAB   0,X
 2804 1345 C5 40              BITB   #$40             RELOC?
 2805 1347 27 05              BEQ    *+7              NO
 2806                  *
 2807 1349 86 52              LDAA   #'R'             LOAD "R"
 2808 134B BD 1911            JSR    OUTCHR           PRINT IT
 2809                  *
 2810 134E C5 20              BITB   #$20             MACRO NAME?
 2811 1350 27 05              BEQ    *+7              NO
 2812                  *
 2813 1352 86 4D              LDAA   #'M'             LOAD "M"
 2814 1354 BD 1911            JSR    OUTCHR           PRINT IT
 2815                  *
 2816 1357 C5 10              BITB   #$10             COMMON?
 2817 1359 27 05              BEQ    *+7              NO
 2818                  *
 2819 135B 86 43              LDAA   #'C'
 2820 135D BD 1911            JSR    OUTCHR
 2821                  *
 2822 1360 C5 08              BITB   #$08             EXTERNAL?
 2823 1362 27 05              BEQ    *+7              NO
 2824                  *
 2825 1364 86 58              LDAA   #'X'
 2826 1366 BD 1911            JSR    OUTCHR
 2827                  *
 2828 1369 C5 04              BITB   #$04             ENTRY?
 2829 136B 27 05              BEQ    *+7
 2830                  *
 2831 136D 86 4E              LDAA   #'N'
 2832 136F BD 1911            JSR    OUTCHR
 2833                  *
 2834 1372 E6 00              LDAB   0,X              REDEFIEND?
 2835 1374 2A 06              BPL    ENDP5            NO
 2836                  *
 2837 1376 CE 13C6            LDX    #REDEF           PRINT ERROR MESSAGE
 2838 1379 BD 18EA            JSR    PDATA1
 2839                  *
 2840 137C FE 1412     ENDP5  LDX    ENDXS
 2841 137F C6 FF              LDAB   #$FF             GET DONE
 2842 1381 E7 00              STAB   0,X
 2843 1383 BD 13FA            JSR    CRLF
 2844 1386 7E 12C9            JMP    SORT1
 2845                  *
 2846 1389 BD 13FA     ENDP6  JSR    CRLF
 2847 138C BD 13FA            JSR    CRLF
 2848 138F CE 13DD            LDX    #ENDMB           PRINT # OF ERRORS MSG
 2849 1392 B6 0373            LDAA   ECOUNT
 2850 1395 F6 0374            LDAB   ECOUNT+1
 2851 1398 BD 0E19            JSR    CVBTD            CONVERT TO ASCII
 2852 139B CE 13D1            LDX    #ENDMA
 2853 139E BD 18EA            JSR    PDATA1           PRINT IT
 2854                  *
 2855 13A1 BD 13FA            JSR    CRLF
 2856 13A4 BD 13FA            JSR    CRLF
 2857                  *
 2858 13A7 CE 13EA            LDX    #CMSG            COMMON AREA MESSAGE
 2859 13AA BD 18EA            JSR    PDATA1
 2860                  *
 2861 13AD CE 03FE            LDX    #CMNLC           POINT TO COMMON LENGTH
 2862 13B0 BD 18FA            JSR    OUT4HS
 2863 13B3 BD 13FA            JSR    CRLF
 2864                  *
 2865 13B6 B6 0359            LDAA   OPTNS
 2866 13B9 85 40              BITA   #$40             OBJECT?
 2867 13BB 26 06              BNE    ENDP7            NO
 2868                  *
 2869 13BD BD 1882     ENDP6A JSR    OFINAL           WRITE EOF
 2870 13C0 7E 033B            JMP    UPDATE           CLOSE FILE AND EXIT TO MONTOR
 2871                  *
 2872 13C3 7E 033E     ENDP7  JMP    MONTOR
 2873                  *
 2874 13C6 20 52 45 44 REDEF  FCC    ' REDEFINED'
    + 13CA 45 46 49 4E
    + 13CE 45 44
 2875 13D0 04                 FCB    $04              EOT
 2876                  *
 2877 13D1 54 48 45 52 ENDMA  FCC    'THERE WERE: '
    + 13D5 45 20 57 45
    + 13D9 52 45 3A 20
 2878 13DD             ENDMB  RMB    5
 2879 13E2 20 45 52 52        FCC    ' ERRORS'
    + 13E6 4F 52 53
 2880 13E9 04                 FCB    4
 2881                  *
 2882 13EA 43 4F 4D 4D CMSG   FCC    'COMMON LENGTH= '
    + 13EE 4F 4E 20 4C
    + 13F2 45 4E 47 54
    + 13F6 48 3D 20
 2883 13F9 04                 FCB    4
 2884                  *
 2885 13FA CE 1401     CRLF   LDX    #MCRLF
 2886 13FD BD 18EA            JSR    PDATA1
 2887 1400 39                 RTS
 2888                  *
 2889 1401 0D 0A       MCRLF  FDB    $0D0A            CR,LF
 2890 1403 04                 FCB    $04              EOT
 2891                  *
 2892 1404 5B 5B 5B 5B ZZZ    FCC    '[[[[[['
    + 1408 5B 5B
 2893 140A 00 00              FDB    0000
 2894 140C 00                 FCB    0
 2895 140D             CBLOCK RMB    2
 2896 140F             CXS2   RMB    2
 2897 1411             SORTF  RMB    1
 2898 1412             ENDXS  RMB    2
 2899                  *
 2900                  * PBLOCK: ROUTINE TO WRITE LOADED ENTRY
 2901                  * SYMBOL ON TAPE
 2902                  *
 2903 1414 FE 036D     PBLOCK LDX    SYMPTR           POINT TO ENTRY SYMBOL
 2904 1417 86 06              LDAA   #6               LENGTH
 2905                  *
 2906 1419 E6 00       PBLK2  LDAB   0,X              GET A CHAR
 2907 141B 36                 PSHA
 2908 141C FF 142B            STX    PBXS
 2909 141F BD 189A            JSR    OUTBIN
 2910 1422 32                 PULA
 2911 1423 FE 142B            LDX    PBXS
 2912 1426 08                 INX
 2913 1427 4A                 DECA                    ALL DONE?
 2914 1428 26 EF              BNE    PBLK2            NO
 2915                  *
 2916 142A 39                 RTS
 2917                  *
 2918 142B             PBXS   RMB    2
 2919                  *
 2920                  * POEQU: PROCESS EQU PSEUDOP
 2921                  *
 2922 142D BD 1149     POEQU  JSR    ADRINT           INIT ADDRESS FIELD FLAGS
 2923 1430 FE 036D            LDX    SYMPTR
 2924 1433 FF 1489            STX    EQUXS            SAVE SYMPTR
 2925 1436 7D 0361            TST    LBFLG            LABEL?
 2926 1439 26 08              BNE    EQUB             YES
 2927                  *
 2928 143B CE 0213            LDX    #$0213           NO,ERROR
 2929 143E BD 0E78     EQUA   JSR    PRINTE           PRINT ERROR
 2930 1441 20 40              BRA    EQUE
 2931                  *
 2932 1443 BD 07B3     EQUB   JSR    NXTOK            GET NEXT TOKEN
 2933 1446 C1 0D              CMPB   #$0D             EOL?
 2934 1448 26 05              BNE    EQUC             NO
 2935                  *
 2936 144A CE 0216            LDX    #$0216           ERROR
 2937 144D 20 EF              BRA    EQUA
 2938                  *
 2939 144F BD 0A72     EQUC   JSR    NSEVL            EVALUATE OPERAND
 2940 1452 C1 FF              CMPB   #$FF             ERRORS?
 2941 1454 27 E8              BEQ    EQUA             YES
 2942                  *
 2943 1456 7D 0360            TST    PASS             PASS?
 2944 1459 26 1F              BNE    EQUD             PASS2
 2945                  *
 2946 145B FE 1489            LDX    EQUXS
 2947 145E A6 08              LDAA   8,X              GET INFO BYTE
 2948 1460 7D 0362            TST    RELFLG           RELOCATE?
 2949 1463 26 09              BNE    EQUF             YES
 2950 1465 84 BF              ANDA   #$BF             NO, - TURN OFF IN INFO BYTE
 2951                  *
 2952 1467 7D 0363            TST    CMNFLG           COMMON?
 2953 146A 27 02              BEQ    EQUF             NO
 2954                  *
 2955 146C 8A 10              ORAA   #$10             YES TURN ON IN INFO BYTE
 2956                  *
 2957 146E A7 08       EQUF   STAA   8,X
 2958 1470 B6 0D26            LDAA   ADR2             STORE VALUE
 2959 1473 A7 07              STAA   7,X
 2960 1475 B6 0D25            LDAA   ADR1
 2961 1478 A7 06              STAA   6,X
 2962                  *
 2963 147A 73 0D23     EQUD   COM    POP              SET PSEUDOP FLAG
 2964 147D 7C 0D22            INC    MCOUNT           MCOUNT:=2
 2965 1480 7C 0D22            INC    MCOUNT
 2966                  *
 2967 1483 BD 0CCB     EQUE   JSR    PRINTL           PRINT A LINE OF LISTING
 2968 1486 7E 054D            JMP    MAIN1            RETURN TO MAIN LOOP
 2969                  *
 2970 1489             EQUXS  RMB    2                SAVE AREA
 2971                  *
 2972                  * POORG: PROCESS ORG PSEUDOP
 2973                  *
 2974 148B BD 1149     POORG  JSR    ADRINT           INIT ADDRESS FIELD FLAGS
 2975                  *
 2976                  *
 2977 148E BD 07B3     ORGB   JSR    NXTOK            GET NEXT TOKEN
 2978 1491 C1 0D              CMPB   #$0D             EOL?
 2979 1493 26 08              BNE    ORGC             NO
 2980                  *
 2981 1495 CE 0216            LDX    #$0216           ERROR
 2982 1498 BD 0E78     ORGA   JSR    PRINTE           PRINT ERROR
 2983 149B 20 1C              BRA    ORGE
 2984                  *
 2985 149D BD 0A72     ORGC   JSR    NSEVL            EVALUATE OPERAND
 2986 14A0 C1 FF              CMPB   #$FF             ERRORS?
 2987 14A2 27 F4              BEQ    ORGA             YES
 2988                  *
 2989 14A4 B6 0D26     ORGF   LDAA   ADR2             STORE VALUE
 2990 14A7 B7 035F            STAA   LC+1
 2991 14AA B6 0D25            LDAA   ADR1
 2992 14AD B7 035E            STAA   LC
 2993                  *
 2994 14B0 73 0D23     ORGD   COM    POP              SET PSEUDOP FLAG
 2995 14B3 7C 0D22            INC    MCOUNT           MCOUNT:=2
 2996 14B6 7C 0D22            INC    MCOUNT
 2997                  *
 2998 14B9 BD 0CCB     ORGE   JSR    PRINTL           PRINT A LINE OF LISTING
 2999 14BC 7E 054D            JMP    MAIN1            RETURN TO MAIN LOOP
 3000                  *
 3001                  * POFCB: PROCESS FCB PSEUDOP
 3002                  *
 3003 14BF BD 1149     POFCB  JSR    ADRINT           INIT ADDRESS FIELD FLAGS
 3004 14C2 BD 07B3            JSR    NXTOK            GET NEXT TOKEN
 3005 14C5 C1 0D              CMPB   #$0D             EOL?
 3006 14C7 26 08              BNE    FCBB             NO
 3007                  *
 3008 14C9 CE 0216     FCBA   LDX    #$0216           ERROR
 3009 14CC BD 0E78            JSR    PRINTE           PRINT
 3010 14CF 20 1D              BRA    FCBC             FINISH UP
 3011                  *
 3012 14D1 BD 1862     FCBB   JSR    OUTSET
 3013 14D4 BD 0A72            JSR    NSEVL            EVALUATE OPERAND
 3014 14D7 BD 1197            JSR    P2ERR            PRINT PASS ERRORS
 3015 14DA 7C 036F            INC    LCN              LCN:=1
 3016 14DD 7D 0360            TST    PASS             PASS?
 3017 14E0 27 0F              BEQ    FCBD             PASS1
 3018                  *
 3019 14E2 F6 0D26            LDAB   ADR2             PASS2,OUTPUT MC
 3020 14E5 BD 189A            JSR    OUTBIN
 3021 14E8 7C 0D22            INC    MCOUNT           MCOUNT:=1
 3022 14EB 7C 0D23            INC    POP              POP:=1
 3023                  *
 3024 14EE BD 0CCB     FCBC   JSR    PRINTL           PRINT A LINE OF LISTING
 3025 14F1 BD 1278     FCBD   JSR    LCLCN            LC:=LC+LCN
 3026 14F4 7E 054D            JMP    MAIN1            RETURN TO MAIN LOOP
 3027                  *
 3028                  * POFCC: PROCESS FCC PSEUDO OP
 3029                  *
 3030 14F7 BD 1149     POFCC  JSR    ADRINT           INIT ADDRESS FIELD FLAGS
 3031 14FA BD 07B3            JSR    NXTOK            GET NEXT TOKEN
 3032 14FD C1 27              CMPB   #$27             QUOTE?
 3033 14FF 27 08              BEQ    FCCB             YES
 3034                  *
 3035 1501 CE 0204     FCCA   LDX    #$0204           ERROR
 3036 1504 BD 0E78            JSR    PRINTE           PRINT
 3037 1507 20 3F              BRA    FCCG             FINISH UP
 3038                  *
 3039 1509 BD 1862     FCCB   JSR    OUTSET
 3040 150C FE 0369            LDX    CUCHAR           GET CURRENT CHAR
 3041 150F E6 00              LDAB   0,X
 3042 1511 C1 0D              CMPB   #$0D             EOL?
 3043 1513 27 EC              BEQ    FCCA             YES
 3044 1515 F7 0D26            STAB   ADR2             NO, SAVE CHAR
 3045                  *
 3046 1518 7D 0360     FCCC   TST    PASS             PASS ?
 3047 151B 27 03              BEQ    FCCD             PASS1
 3048 151D BD 189A            JSR    OUTBIN           OUTPUT MC
 3049 1520 FE 0369     FCCD   LDX    CUCHAR           CUCHAR:=CUCHAR+1
 3050 1523 08                 INX
 3051 1524 FF 0369            STX    CUCHAR
 3052 1527 7C 036F            INC    LCN              LCN:=LCN+1
 3053 152A E6 00              LDAB   0,X              GET CHAR
 3054 152C C1 27              CMPB   #$27             QUOTE?
 3055 152E 27 06              BEQ    FCCE             YES
 3056                  *
 3057 1530 C1 0D              CMPB   #$0D             EOL?
 3058 1532 26 E4              BNE    FCCC             NO
 3059 1534 20 0C              BRA    FCCF             YES
 3060                  *
 3061 1536 E6 01       FCCE   LDAB   1,X              GET NEXT CHAR
 3062 1538 C1 27              CMPB   #$27             TWO QUOTES?
 3063 153A 26 06              BNE    FCCF             NO
 3064 153C 08                 INX
 3065 153D FF 0369            STX    CUCHAR           CUCHAR:=CUCHAR+1
 3066 1540 20 D6              BRA    FCCC
 3067                  *
 3068 1542 7C 0D23     FCCF   INC    POP              POP:=1
 3069 1545 7C 0D22            INC    MCOUNT           MCOUNT:=1
 3070                  *
 3071 1548 BD 0CCB     FCCG   JSR    PRINTL           PRINT LINE OF LISTING
 3072 154B BD 1278            JSR    LCLCN            LC:=LC+LCN
 3073 154E 7E 054D            JMP    MAIN1            RETURN TO MAIN LOOP
 3074                  *
 3075                  * PROCESS FDB PSEUDO OP
 3076                  *
 3077 1551 BD 1149     POFDB  JSR    ADRINT           INIT ADDRESS FIELD FLAGS
 3078 1554 BD 07B3            JSR    NXTOK            GET NEXT TOKEN
 3079 1557 C1 0D              CMPB   #$0D             EOL?
 3080 1559 26 08              BNE    FDBB             NO
 3081                  *
 3082 155B CE 0216     FDBA   LDX    #$0216           ERROR
 3083 155E BD 0E78            JSR    PRINTE           PRINT
 3084 1561 20 29              BRA    FDBC             FINISH UP
 3085                  *
 3086 1563 BD 1862     FDBB   JSR    OUTSET
 3087 1566 BD 0A72            JSR    NSEVL            EVALUATE OPERAND
 3088 1569 BD 1197            JSR    P2ERR            PRINT PASS 2 ERRORS
 3089                  *
 3090 156C 7C 036F            INC    LCN              LCN:=2
 3091 156F 7C 036F            INC    LCN
 3092 1572 7D 0360            TST    PASS             PASS?
 3093 1575 27 18              BEQ    FDBD             PASS1
 3094                  *
 3095 1577 F6 0D25            LDAB   ADR1             OUTPUT MC
 3096 157A BD 189A            JSR    OUTBIN
 3097 157D F6 0D26            LDAB   ADR2
 3098 1580 BD 189A            JSR    OUTBIN
 3099 1583 7C 0D22     FDCE   INC    MCOUNT           MCOUNT:=2
 3100 1586 7C 0D22            INC    MCOUNT
 3101 1589 73 0D23            COM    POP              POP:=FF
 3102                  *
 3103 158C BD 0CCB     FDBC   JSR    PRINTL           PRINT A LINE OF LISTING
 3104 158F BD 1278     FDBD   JSR    LCLCN            LC:=LC+LCN
 3105 1592 7E 054D            JMP    MAIN1            RETURN TO MAIN LOOP
 3106                  *
 3107                  * PROCESS THE IF PSEUDO OP
 3108                  *
 3109 1595 BD 1149     POIF   JSR    ADRINT
 3110 1598 BD 17B1            JSR    LBLCK
 3111 159B BD 07B3            JSR    NXTOK
 3112 159E C1 0D              CMPB   #$0D             EOL?
 3113 15A0 26 08              BNE    POIFB            NO
 3114                  *
 3115 15A2 CE 0216     POIFA  LDX    #$0216
 3116 15A5 BD 0E78            JSR    PRINTE
 3117 15A8 20 23              BRA    POIFE
 3118                  *
 3119 15AA BD 0A72     POIFB  JSR    NSEVL            EVALUATE OPERAND
 3120 15AD C1 FF              CMPB   #$FF             ERRORS?
 3121 15AF 27 F1              BEQ    POIFA            YES
 3122                  *
 3123 15B1 BD 1704            JSR    PSHIF            STACK PRESENT IFFLG
 3124 15B4 7D 0462            TST    IFFLG            ASSEMBLING?
 3125 15B7 27 14              BEQ    POIFE            NO
 3126                  *
 3127 15B9 7D 0D25            TST    ADR1             IS =0?
 3128 15BC 26 0A              BNE    POIFC            NO
 3129                  *
 3130 15BE 7D 0D26            TST    ADR2             IS =0?
 3131 15C1 26 05              BNE    POIFC            NO
 3132                  *
 3133 15C3 7F 0462            CLR    IFFLG            TURN OFF ASSEMBLING
 3134 15C6 20 05              BRA    POIFE
 3135                  *
 3136 15C8 86 FF       POIFC  LDAA   #$FF             TURN ON ASSEMBLING
 3137 15CA B7 0462            STAA   IFFLG
 3138                  *
 3139 15CD BD 0CCB     POIFE  JSR    PRINTL
 3140 15D0 7E 054D            JMP    MAIN1
 3141                  *
 3142                  * PROCESS THE MAC PSEUDOP
 3143                  *
 3144 15D3             CMFLG  RMB    1                COMMENT FLAG 0=NO,FF=YES
 3145 15D4             MACERR RMB    1                MAC ERROR 0=NO,FF=YES
 3146                  *
 3147 15D5 BD 1149     POMAC  JSR    ADRINT           INIT FLAGS
 3148 15D8 BD 0CCB            JSR    PRINTL
 3149 15DB 7F 15D3            CLR    CMFLG
 3150 15DE 7F 15D4            CLR    MACERR
 3151 15E1 7D 0360            TST    PASS             PASS?
 3152 15E4 26 30              BNE    POMAC2           PASS2
 3153                  *
 3154 15E6 7D 0361            TST    LBFLG            LABELED?
 3155 15E9 26 0B              BNE    POMAC1           YES, OK
 3156                  *
 3157 15EB 73 15D4            COM    MACERR           SET ERROR FLAG
 3158 15EE CE 0226            LDX    #$0226           ERROR
 3159 15F1 BD 0E78            JSR    PRINTE
 3160 15F4 20 DF              BRA    POMAC
 3161                  *
 3162 15F6 FE 036D     POMAC1 LDX    SYMPTR           PT TO LABEL
 3163 15F9 86 20              LDAA   #$20
 3164 15FB A7 08              STAA   8,X              SET MACRO FLAG IN SYMTAB
 3165 15FD B6 03F8            LDAA   MACPTR
 3166 1600 A7 06              STAA   6,X              SAVE MACRO LOC
 3167 1602 B6 03F9            LDAA   MACPTR+1
 3168 1605 A7 07              STAA   7,X
 3169                  *
 3170 1607 BD 07B3            JSR    NXTOK            CHECK FOR "C"
 3171 160A FE 0366            LDX    DESCRA
 3172 160D A6 00              LDAA   0,X
 3173 160F 81 43              CMPA   #'C'             "C"?
 3174 1611 26 03              BNE    *+5              NO
 3175                  *
 3176 1613 73 15D3            COM    CMFLG            YES,SAVE COMMENTS
 3177                  *
 3178 1616 BD 0633     POMAC2 JSR    RDLINA           GET NEXT LINE
 3179 1619 FE 035A            LDX    LNUM
 3180 161C 08                 INX
 3181 161D FF 035A            STX    LNUM
 3182 1620 BD 0CCB            JSR    PRINTL
 3183 1623 FE 036B            LDX    CULINE           PT TO LINE
 3184 1626 A6 00              LDAA   0,X              GET FIRST CHAR
 3185 1628 81 2A              CMPA   #'*'             COMMENT?
 3186 162A 26 0A              BNE    POMAC5           NO
 3187                  *
 3188 162C 7D 15D3            TST    CMFLG            SAVE COMMENTS?
 3189 162F 27 E5              BEQ    POMAC2           NO
 3190                  *
 3191 1631 BD 168A            JSR    MACMOV           YES, SAVE
 3192                  *
 3193 1634 20 E0              BRA    POMAC2
 3194                  *
 3195 1636 7F 0361     POMAC5 CLR    LBFLG            CLEAR LABEL FLAG
 3196 1639 FE 036B            LDX    CULINE           POINT TO LINE
 3197 163C A6 00              LDAA   0,X              GET CHAR
 3198 163E 81 20              CMPA   #$20             BLANK?
 3199 1640 27 06              BEQ    POMAC6           YES
 3200                  *
 3201 1642 BD 07B3            JSR    NXTOK            GET LABEL
 3202 1645 73 0361            COM    LBFLG            SET LABEL FLAG
 3203                  *
 3204 1648 BD 07B3     POMAC6 JSR    NXTOK            GET MNEMONIC
 3205 164B 86 04              LDAA   #4               SET FOR COMPARE
 3206 164D B7 08A4            STAA   PCOUNT
 3207 1650 FE 0366            LDX    DESCRA
 3208 1653 FF 08A0            STX    PSTNG1
 3209 1656 CE 16D8            LDX    #MEND
 3210 1659 FF 08A2            STX    PSTNG2
 3211 165C CE 08A0            LDX    #PSTNG1          POINT TO PARAMS
 3212 165F BD 0782            JSR    COMPAR           COMPARE
 3213 1662 26 0D              BNE    POMAC8           MEND NOT FOUND
 3214                  *
 3215 1664 7D 0361            TST    LBFLG            LABELED?
 3216 1667 27 0E              BEQ    POMAC7           YES
 3217                  *
 3218 1669 CE 0227            LDX    #$0227           ERROR
 3219 166C BD 0E78            JSR    PRINTE
 3220 166F 20 06              BRA    POMAC7
 3221                  *
 3222 1671 BD 168A     POMAC8 JSR    MACMOV           PUT INTO MACTBL
 3223 1674 7E 1616            JMP    POMAC2
 3224                  *
 3225 1677 7D 0360     POMAC7 TST    PASS             PASS?
 3226 167A 26 0B              BNE    POMACA           PASS2
 3227                  *
 3228 167C 86 17              LDAA   #$17             ETB TO END OF MACRO
 3229 167E FE 03F8            LDX    MACPTR
 3230 1681 A7 00              STAA   0,X
 3231 1683 08                 INX
 3232 1684 FF 03F8            STX    MACPTR
 3233                  *
 3234 1687 7E 054D     POMACA JMP    MAIN1            ALL DONE
 3235                  *
 3236                  * MOVE MACRO TO MACRO TABLE
 3237                  *
 3238 168A 7D 0360     MACMOV TST    PASS             PASS?
 3239 168D 26 36              BNE    MACMVE           PASS2
 3240                  *
 3241 168F 7D 15D4            TST    MACERR           ERRORS?
 3242 1692 26 31              BNE    MACMVE           YES
 3243                  *
 3244 1694 FE 036B            LDX    CULINE
 3245 1697 FF 0369            STX    CUCHAR
 3246                  *
 3247 169A FE 0369     MACLOP LDX    CUCHAR           GET CHAR FROM INBUF
 3248 169D A6 00              LDAA   0,X
 3249 169F 08                 INX
 3250 16A0 FF 0369            STX    CUCHAR
 3251 16A3 FE 03F8            LDX    MACPTR           POINT TO MACTBL
 3252 16A6 BC 034F            CPX    MACEND           FULL?
 3253 16A9 26 10              BNE    MACMV1           NO
 3254                  *
 3255 16AB 86 0D              LDAA   #$0D             CR TO MACTBL
 3256 16AD A7 00              STAA   0,X
 3257 16AF 08                 INX
 3258 16B0 FF 03F8            STX    MACPTR
 3259                  *
 3260 16B3 CE 0228            LDX    #$0228           ERROR
 3261 16B6 BD 0E78            JSR    PRINTE
 3262 16B9 20 0A              BRA    MACMVE
 3263                  *
 3264 16BB A7 00       MACMV1 STAA   0,X              STORE CHAR IN MACTBL
 3265 16BD 08                 INX
 3266 16BE FF 03F8            STX    MACPTR
 3267 16C1 81 0D              CMPA   #$0D             EOL?
 3268 16C3 26 D5              BNE    MACLOP           NO
 3269                  *
 3270 16C5 39          MACMVE RTS                     ALL DONE
 3271                  *
 3272 16C6 73 0D23     POENT3 COM    POP
 3273 16C9 73 0365            COM    ENTFLG
 3274 16CC 7C 0D22            INC    MCOUNT
 3275 16CF 7C 0D22            INC    MCOUNT
 3276 16D2 BD 0CCB            JSR    PRINTL
 3277 16D5 7E 054D     POENT4 JMP    MAIN1            ALL DONE
 3278                  *
 3279 16D8 4D 45 4E 44 MEND   FCC    'MEND'
 3280                  *
 3281                  * PONAM: PROCESS NAM PSEUDOP
 3282                  *
 3283 16DC BD 1149     PONAM  JSR    ADRINT
 3284 16DF BD 17B1            JSR    LBLCK
 3285                  *
 3286 16E2 BD 07B3            JSR    NXTOK            GET PROGRAM NAME
 3287 16E5 C1 01              CMPB   #1               OK?
 3288 16E7 27 09              BEQ    PONAM1           YES
 3289                  *
 3290 16E9 CE 0216            LDX    #$0216           ERROR
 3291 16EC BD 0E78            JSR    PRINTE
 3292 16EF 7E 16C6            JMP    POENT3
 3293                  *
 3294 16F2 7E 16C6     PONAM1 JMP    POENT3
 3295                  *
 3296                  * PONIF: PROCESS NIF PSEUDOP
 3297                  *
 3298 16F5 BD 1149     PONIF  JSR    ADRINT
 3299 16F8 BD 17B1            JSR    LBLCK
 3300 16FB BD 1718            JSR    PULIF            GET LAST IFFLG
 3301 16FE BD 0CCB            JSR    PRINTL
 3302 1701 7E 054D            JMP    MAIN1
 3303                  *
 3304                  * PSHIF: PUSH THE CURRENT IFFLG ONTO THE IFSTACK
 3305                  *
 3306 1704 BF 0377     PSHIF  STS    STKSAV           SAVE STACK POINTER
 3307 1707 FE 0460            LDX    IFSTKP           LOAD IF STACK POINTER
 3308 170A 8C 0458            CPX    #IFSTK-8         FULL?
 3309 170D 27 1D              BEQ    PSPLER           YES
 3310                  *
 3311 170F BE 0460            LDS    IFSTKP           LOAD STACK POINTER
 3312 1712 B6 0462            LDAA   IFFLG
 3313 1715 36                 PSHA                    STACK IFFLG
 3314 1716 20 1B              BRA    PSPLCM
 3315                  *
 3316                  * PULIF: PULL LAST IFFLG OFF OF THE IFSTACK
 3317                  *
 3318 1718 BF 0377     PULIF  STS    STKSAV           SAVE STACK POINTER
 3319 171B FE 0460            LDX    IFSTKP           LOAD IF STACK POINTER
 3320 171E 8C 0460            CPX    #IFSTK           UNDERFLOW?
 3321 1721 27 09              BEQ    PSPLER           YES
 3322                  *
 3323 1723 BE 0460            LDS    IFSTKP           LOAD STACK POINTER
 3324 1726 32                 PULA                    POP LAST IFFLG
 3325 1727 B7 0462            STAA   IFFLG
 3326 172A 20 07              BRA    PSPLCM
 3327                  *
 3328 172C CE 0254     PSPLER LDX    #$0254
 3329 172F BD 0E78            JSR    PRINTE
 3330 1732 39                 RTS
 3331                  *
 3332 1733 BF 0460     PSPLCM STS    IFSTKP
 3333 1736 BE 0377            LDS    STKSAV
 3334 1739 39                 RTS
 3335                  *
 3336                  * POPAG: PROCESS THE PAGE PSEUDOP
 3337                  *
 3338 173A BD 1149     POPAG  JSR    ADRINT           INIT FLAGS
 3339 173D BD 17B1            JSR    LBLCK            CHECK FOR LABEL
 3340 1740 7D 0360            TST    PASS             PASS ?
 3341 1743 27 13              BEQ    PAGEND           PASS 1
 3342                  *
 3343 1745 F6 0372            LDAB   LCOUNT           LCOUNT=0?
 3344 1748 27 0E              BEQ    PAGEND           YES
 3345                  *
 3346 174A 86 3C              LDAA   #$3C             B:=60
 3347 174C F0 0372            SUBB   LCOUNT           B:=60-LCOUNT
 3348                  *
 3349 174F BD 13FA     PAGEA  JSR    CRLF
 3350 1752 5A                 DECB                    TO
 3351 1753 26 FA              BNE    PAGEA            TOP OF PAGE
 3352 1755 7F 0372            CLR    LCOUNT           LCOUNT:=0
 3353 1758 7E 054D     PAGEND JMP    MAIN1            RETURN TO MAIN LOOP
 3354                  *
 3355                  * PORMB: PROCESS RMB PSEUDOP
 3356                  *
 3357 175B BD 1149     PORMB  JSR    ADRINT           INIT ADDRESS FIELD FLAGS
 3358 175E BD 07B3            JSR    NXTOK            GET NEXT TOKEN
 3359 1761 C1 0D              CMPB   #$0D             EOL?
 3360 1763 26 08              BNE    RMBB             NO
 3361                  *
 3362 1765 CE 0216            LDX    #$0216           ERROR
 3363 1768 BD 0E78     RMBA   JSR    PRINTE           PRINT
 3364 176B 20 15              BRA    RMBC             FINISH UP
 3365                  *
 3366 176D BD 0A72     RMBB   JSR    NSEVL            EVALUATE OPERAND
 3367 1770 C1 FF              CMPB   #$FF             ERRORS?
 3368 1772 27 F4              BEQ    RMBA             YES
 3369                  *
 3370 1774 7D 0360            TST    PASS             PASS?
 3371 1777 27 0C              BEQ    RMBD             PASS1
 3372                  *
 3373                  * ABS: NO RMBOUT
 3374                  *       JSR RMBOUT       OUTPUT MC
 3375 1779 7C 0D22            INC    MCOUNT           MCOUNT:=2
 3376 177C 7C 0D22            INC    MCOUNT
 3377 177F 73 0D23            COM    POP              SET PSEUDOOP FLAG
 3378                  *
 3379 1782 BD 0CCB     RMBC   JSR    PRINTL           PRINT A LINE OF LISTING
 3380 1785 B6 035F     RMBD   LDAA   LC+1             LC:=LC+ADR1,ADR2
 3381 1788 F6 035E            LDAB   LC
 3382 178B BB 0D26            ADDA   ADR2
 3383 178E F9 0D25            ADCB   ADR1
 3384 1791 B7 035F            STAA   LC+1
 3385 1794 F7 035E            STAB   LC
 3386 1797 7E 054D            JMP    MAIN1            RETURN TO MAIN LOOP
 3387                  *
 3388 179A 5F          RMBOUT CLRB                    LOAD 00
 3389 179B FE 0D25            LDX    ADR1             LSAVE:=#BYTES FROM RMB
 3390 179E FF 0370            STX    LSAVE
 3391                  *
 3392 17A1 BD 189A     RMBOTA JSR    OUTBIN           OUTPUT MC
 3393 17A4 FE 0370            LDX    LSAVE
 3394 17A7 09                 DEX
 3395 17A8 27 06              BEQ    RMBOTB           DONE
 3396                  *
 3397 17AA FF 0370            STX    LSAVE
 3398 17AD 5F                 CLRB
 3399 17AE 20 F1              BRA    RMBOTA           DO AGAIN
 3400                  *
 3401 17B0 39          RMBOTB RTS                     RETURN
 3402                  *
 3403                  * LBLCK: CHECK FOR AN ILLEGAL LABEL ON A
 3404                  *        PSEUDOOP. IF THERE IS ONE DELETE IT.
 3405                  *        AND PRINT AN ERROR MESSAGE.
 3406                  *
 3407 17B1 7D 0361     LBLCK  TST    LBFLG            LABEL?
 3408 17B4 27 0E              BEQ    LBLCK2           NO
 3409                  *
 3410 17B6 7D 0360            TST    PASS             PASS?
 3411 17B9 26 03              BNE    LBLCK1           PASS2
 3412                  *
 3413 17BB BD 0968            JSR    DELSYM           PASS1 DELETE LAST SYMBOL
 3414                  *
 3415 17BE CE 0223     LBLCK1 LDX    #$0223           ERROR
 3416 17C1 BD 0E78            JSR    PRINTE           PRINT
 3417                  *
 3418 17C4 39          LBLCK2 RTS                     RETURN
 3419                  *
 3420                  * OUTBIN: OUTPUT A BYTE AS TWO HEX ASCII CHARS.
 3421                  *
 3422                  * S19 OUTPUT BUFFER
 3423                  *
 3424 17C5             OSAVEX RMB    2
 3425 17C7             OBUF   RMB    32
 3426      17E7        OBUFE  EQU    *
 3427 17E7 17 C7       OPTR   FDB    OBUF
 3428 17E9 00          OSIZE  FCB    0
 3429 17EA 00          OCKSUM FCB    0
 3430 17EB 00 00       OADDR  FDB    0
 3431 17ED 00 00       OBADDR FDB    0
 3432                  *
 3433                  * FLUSH OUTPUT IF THERE IS ANY
 3434                  * RECORD OADDR IN OBADDR
 3435                  *
 3436 17EF B6 0359     OFLUSH LDAA   OPTNS
 3437 17F2 85 40              BITA   #$40
 3438 17F4 26 59              BNE    ONONE
 3439 17F6 FE 17E7            LDX    OPTR
 3440 17F9 8C 17C7            CPX    #OBUF
 3441 17FC 27 51              BEQ    ONONE
 3442 17FE 86 53              LDAA   #$53
 3443 1800 BD 0344            JSR    OUTB
 3444 1803 86 31              LDAA   #$31
 3445 1805 BD 0344            JSR    OUTB
 3446 1808 F6 17E9            LDAB   OSIZE
 3447 180B CB 03              ADDB   #3               ADDRESS AND CHECKSUM
 3448 180D BD 18CB            JSR    OUTISO
 3449 1810 FB 17EA            ADDB   OCKSUM
 3450 1813 F7 17EA            STAB   OCKSUM
 3451 1816 F6 17ED            LDAB   OBADDR
 3452 1819 BD 18CB            JSR    OUTISO
 3453 181C FB 17EA            ADDB   OCKSUM
 3454 181F F7 17EA            STAB   OCKSUM
 3455 1822 F6 17EE            LDAB   OBADDR+1
 3456 1825 BD 18CB            JSR    OUTISO
 3457 1828 FB 17EA            ADDB   OCKSUM
 3458 182B F7 17EA            STAB   OCKSUM
 3459 182E CE 17C7            LDX    #OBUF
 3460 1831 BC 17E7     OFLOP  CPX    OPTR
 3461 1834 27 08              BEQ    OCHK
 3462 1836 E6 00              LDAB   0,X
 3463 1838 08                 INX
 3464 1839 BD 18CB            JSR    OUTISO
 3465 183C 20 F3              BRA    OFLOP
 3466 183E F6 17EA     OCHK   LDAB   OCKSUM
 3467 1841 53                 COMB
 3468 1842 BD 18CB            JSR    OUTISO
 3469 1845 86 0A              LDAA   #$0A
 3470 1847 BD 0344            JSR    OUTB
 3471 184A 86 0D              LDAA   #$0D
 3472 184C BD 0344            JSR    OUTB
 3473                  * RESET BUFFER
 3474 184F CE 17C7     ONONE  LDX    #OBUF
 3475 1852 FF 17E7            STX    OPTR
 3476 1855 FE 17EB            LDX    OADDR
 3477 1858 FF 17ED            STX    OBADDR
 3478 185B 7F 17E9            CLR    OSIZE
 3479 185E 7F 17EA            CLR    OCKSUM
 3480 1861 39                 RTS
 3481                  *
 3482                  * SET OUTPUT ADDRESS BEFORE SENDING OUTPUT WITH OUTBIN.
 3483                  * FLUSHES OUTPUT IF ADDRESS DOESN'T MATCH
 3484 1862 36          OUTSET PSHA
 3485 1863 37                 PSHB
 3486 1864 FE 035E            LDX    LC
 3487 1867 BC 17EB            CPX    OADDR
 3488 186A 27 06              BEQ    OUTSDN
 3489 186C FF 17EB            STX    OADDR
 3490 186F BD 17EF            JSR    OFLUSH
 3491 1872 33          OUTSDN PULB
 3492 1873 32                 PULA
 3493 1874 39                 RTS
 3494                  *
 3495                  * FINAL OUTPUT, EMIT S9 RECORD
 3496                  *
 3497 1875 53 39 30 33 S9     FCB    'S, '9, '0, '3, '0, '0, '0, '0, 'F, 'C, $0A, $0D, 0
    + 1879 30 30 30 30
    + 187D 46 43 0A 0D
    + 1881 00
 3498                  *
 3499 1882 B6 0359     OFINAL LDAA   OPTNS
 3500 1885 85 40              BITA   #$40
 3501 1887 26 10              BNE    OFDONE
 3502 1889 BD 17EF            JSR    OFLUSH
 3503 188C CE 1875            LDX    #S9
 3504 188F A6 00       OFILOP LDAA   0,X
 3505 1891 27 06              BEQ    OFDONE
 3506 1893 BD 0344            JSR    OUTB
 3507 1896 08                 INX
 3508 1897 20 F6              BRA    OFILOP
 3509 1899 39          OFDONE RTS
 3510                  *
 3511                  * EMIT BINARY DATA
 3512                  * CALL OUTSET BEFORE CALLING OUTBIN
 3513                  *
 3514 189A B6 0359     OUTBIN LDAA   OPTNS
 3515 189D 85 40              BITA   #$40
 3516 189F 26 29              BNE    OUTRET
 3517 18A1 FF 17C5            STX    OSAVEX
 3518 18A4 FE 17E7            LDX    OPTR
 3519 18A7 8C 17E7            CPX    #OBUFE
 3520 18AA 26 08              BNE    OUTSPC
 3521 18AC 37                 PSHB
 3522 18AD BD 17EF            JSR    OFLUSH
 3523 18B0 33                 PULB
 3524 18B1 FE 17E7            LDX    OPTR
 3525 18B4 E7 00       OUTSPC STAB   0,X
 3526 18B6 08                 INX
 3527 18B7 FF 17E7            STX    OPTR
 3528 18BA FE 17EB            LDX    OADDR
 3529 18BD 08                 INX
 3530 18BE FF 17EB            STX    OADDR
 3531 18C1 7C 17E9            INC    OSIZE
 3532 18C4 FB 17EA            ADDB   OCKSUM
 3533 18C7 F7 17EA            STAB   OCKSUM
 3534 18CA 39          OUTRET RTS
 3535                  *
 3536                  * CONVERT BYTE TO HEX AND OUTPUT IT
 3537                  *
 3538 18CB 17          OUTISO TBA
 3539 18CC 8D 09              BSR    OUTHL            CONVERT LEFT NIBBLE
 3540 18CE BD 0344            JSR    OUTB
 3541 18D1 17                 TBA
 3542 18D2 8D 07              BSR    OUTHR            CONVERT RIGHT NIBBLE
 3543 18D4 7E 0344            JMP    OUTB
 3544                  *
 3545 18D7 44          OUTHL  LSRA
 3546 18D8 44                 LSRA
 3547 18D9 44                 LSRA
 3548 18DA 44                 LSRA
 3549 18DB 84 0F       OUTHR  ANDA   #$0F
 3550 18DD 8B 30              ADDA   #$30
 3551 18DF 81 39              CMPA   #$39
 3552 18E1 23 02              BLS    *+4
 3553 18E3 8B 07              ADDA   #$07
 3554 18E5 39                 RTS
 3555                  *
 3556                  * ASSORTED I/O ROUTINES
 3557                  *
 3558 18E6 BD 1911     PDATA2 JSR    OUTCHR
 3559 18E9 08                 INX
 3560 18EA A6 00       PDATA1 LDAA   0,X
 3561 18EC 81 04              CMPA   #$04
 3562 18EE 26 F6              BNE    PDATA2
 3563 18F0 39                 RTS
 3564                  *
 3565 18F1 A6 00       OUT2H  LDAA   0,X
 3566 18F3 8D 0E       OUT2HA BSR    OUTHLL
 3567 18F5 A6 00              LDAA   0,X
 3568 18F7 08                 INX
 3569 18F8 20 0D              BRA    OUTHRR
 3570                  *
 3571 18FA 8D F5       OUT4HS BSR    OUT2H
 3572 18FC 8D F3       OUT2HS BSR    OUT2H
 3573 18FE 86 20       OUTS   LDAA   #$20
 3574 1900 7E 1911            JMP    OUTCHR
 3575                  *
 3576 1903 44          OUTHLL LSRA
 3577 1904 44                 LSRA
 3578 1905 44                 LSRA
 3579 1906 44                 LSRA
 3580                  *
 3581 1907 84 0F       OUTHRR ANDA   #$0F
 3582 1909 8B 30              ADDA   #$30
 3583 190B 81 39              CMPA   #$39
 3584 190D 23 02              BLS    OUTCHR
 3585                  *
 3586 190F 8B 07              ADDA   #$07
 3587                  *
 3588 1911 36          OUTCHR PSHA
 3589 1912 BD 0478            JSR    OUTEEE
 3590 1915 32                 PULA
 3591 1916 81 0A              CMPA   #$0A             LF?
 3592 1918 26 0E              BNE    OUTCHE           NO
 3593                  *
 3594 191A 36                 PSHA
 3595 191B 37                 PSHB
 3596 191C C6 08              LDAB   #8
 3597                  *
 3598 191E 86 00       OUTCHL LDAA   #$00
 3599 1920 BD 0478            JSR    OUTEEE
 3600 1923 5A                 DECB
 3601 1924 26 F8              BNE    OUTCHL
 3602                  *
 3603 1926 33                 PULB
 3604 1927 32                 PULA
 3605 1928 39          OUTCHE RTS
 3606                  *
 3607                  * COMMAND-LINE INTERPRETER BASE-PAGE LOCATIONS
 3608                  *
 3609 1929 39          EINIIO RTS
 3610
 3611 192A 7E 193B     EGETB  JMP    FGETB            GETB ROUTINE: READ A BYTE FROM INPUT FILE
 3612
 3613 192D 7E 1947     EOUTB  JMP    FOUTB
 3614
 3615 1930 7E 1955     EREST  JMP    REWIND           RESTR ROUTINE: REOPEN INPUT FILE FOR PASS2
 3616
 3617 1933 7E E80F     EUPDT  JMP    XSAVE
 3618 1936 7E E800     EMON   JMP    XABORT
 3619
 3620 1939             XXSAVE RMB    2
 3621
 3622 193B FF 1939     FGETB  STX    XXSAVE
 3623 193E 37                 PSHB
 3624 193F BD E809            JSR    XRI
 3625 1942 33                 PULB
 3626 1943 FE 1939            LDX    XXSAVE
 3627 1946 39                 RTS
 3628
 3629 1947 FF 1939     FOUTB  STX    XXSAVE
 3630 194A 36                 PSHA
 3631 194B 37                 PSHB
 3632 194C BD E80C            JSR    XWRT
 3633 194F 33                 PULB
 3634 1950 32                 PULA
 3635 1951 FE 1939            LDX    XXSAVE
 3636 1954 39                 RTS
 3637
 3638 1955 BD E82D     REWIND JSR    XRESTR
 3639 1958 39                 RTS
 3640
 3641 1959 FF 1939     EOUTCH STX    XXSAVE
 3642 195C 36                 PSHA
 3643 195D 37                 PSHB
 3644 195E BD F018            JSR    XOUTC
 3645 1961 33                 PULB
 3646 1962 32                 PULA
 3647 1963 FE 1939            LDX    XXSAVE
 3648 1966 39                 RTS
 3649
 3650                  * START OF ASSEMBLER TABLES
 3651 1967 19 69       ETABL  FDB    *+2
 3652
 3653                         END

Symbol table:

      XPASS 0000     XABORT e800        XRI e809       XWRT e80c
      XSAVE e80f      XOUTC f018     XRESTR e82d      STACK a042
      PASS1 047b      MNTAB 0100      ADDR9 1127      ADDR1 0ebd
      ADDR3 0fb6      ADDR8 10d6      ADDR5 1025      POEND 128a
      POEQU 142d      POFCB 14bf      POFCC 14f7      POFDB 1551
       POIF 1595      ADDR7 10a3      POMAC 15d5      PONAM 16dc
      PONIF 16f5      POORG 148b      POPAG 173a      ADDR4 1005
      PORMB 175b      ADDR2 0f4e      ADDR6 1097     CHRTAB 02f8
     TABLES 0338      ETABL 1967     UPDATE 033b      EUPDT 1933
     MONTOR 033e       EMON 1936       GETB 0341      EGETB 192a
       OUTB 0344      EOUTB 192d     INITIO 0347     EINIIO 1929
      RESTR 034a      EREST 1930     MACTBL 034d     MACEND 034f
     MACSTK 0351     SYMTAB 0353       NSYM 0355     SYMEND 0357
      OPTNS 0359       LNUM 035a      TSTPH 035c         LC 035e
       PASS 0360      LBFLG 0361     RELFLG 0362     CMNFLG 0363
     EXTFLG 0364     ENTFLG 0365     DESCRA 0366     DESCRC 0368
     CUCHAR 0369     CULINE 036b     SYMPTR 036d        LCN 036f
      LSAVE 0370     LCOUNT 0372     ECOUNT 0373     MSTKPT 0375
     STKSAV 0377     MXSAV1 0379     MXSAV2 037b     MACLIN 037d
     MACPAR 03c5     MACFLG 03f7     MACPTR 03f8     MACSAV 03fa
     MCLPTR 03fc      CMNLC 03fe     INLINE 0400      IFSTK 0460
     IFSTKP 0460      IFFLG 0462     OPTMSG 0463     OUTEEE 0478
     EOUTCH 1959       OPIN 0481     PDATA1 18ea     PSTNG1 08a0
     PSTNG2 08a2      ADD16 0ca9      SUB16 0cba      DIV16 0c5e
      MPY16 0c3a      PASS2 0524     ADRINT 1149      MAIN1 054d
     RDLINE 0625      MAIN3 056b     MAIN1A 0563     PRINTL 0ccb
     MAIN3C 0592     MAIN3A 0577      NXTOK 07b3      MNLKP 09fd
     MAIN3B 0590      MAIN5 05b3      MAIN4 05a8     PRINTE 0e78
     STOSYM 08b5      MAIN7 05c5      MAIN6 05ba      MAIN9 05f9
     LKPSYM 0914      MAIN8 05fb     MAIN7A 05e4     MACPSH 06f4
     MAIN13 0604     MAIN12 0607     MAIN10 0601     MAIN11 060d
     RDLINA 0633      RDMAC 0662       RDL1 063c      RDL1A 0647
     POEND0 1290       RDL2 0659       RDL3 065d     RDMAC1 0676
     RDMAC0 0675     MACPUL 0758     RDMAC2 0682     RDMAC3 06a2
     RDMERR 06e8     RDMAC6 06ad     RDMAC4 06b0     RDMAC7 06bb
     RDMAC5 06c7      MPSH1 0702      MPSH5 0742      MPSH2 0719
      MPSH3 0722      MPUL1 0764      MPUL2 0771     COMPAR 0782
       XSAV 07b1       CMP1 0789       CMP2 0799      CDONE 07ae
       CMP3 07ab       NXT0 07b9       NXT1 07d1      NXTER 0816
       NXT3 07d7     GCHRTB 0880       NXT4 07f1      NXT3A 07eb
      NXT4A 07f5       NXT5 07f9      NSCAN 0830       NXT6 0801
      DSCAN 0819      HSCAN 0855     ENDSCN 0873     NSCANA 0851
     HSCAN1 085e     GCHRTR 089a      CHPTR 089c     PCOUNT 08a4
      TBADD 08a5      HSMBL 08a7      HKEYA 08ad      HKEYB 08af
      HSAV1 08b1      HSAV2 08b3       HASH 0976       SYMA 08bb
       SYMB 08f0       SYM1 08cc     SYMCMP 093b       SYMC 0905
      SYMB1 0901     SYMMOD 0950     LKPSM1 091a     LKPSM3 0923
     LKPSM2 0920     LKPSM4 0930     DELSYM 0968       DEL1 096f
      HASH1 0991         LP 09f8         MP 09f9         IP 09fa
      ENSIZ 09fb     MNLKPA 0a0c     MNLKPB 0a18       MNLI 0a5b
       MNMI 0a63      VALUE 0a6b     TMPVAL 0a6d      CLFLG 0a6f
      CLASS 0a70      OPERN 0a71      NSEVL 0a72     NSVLC1 0aaf
      NSVLA 0a90      NSVLB 0aa1      NSVLC 0aa9       ADR1 0d25
      NSVLF 0aba      NSVLD 0ab4      NSVLE 0ab7      NSVLH 0ad2
      NSVLG 0ac4      NSVLJ 0ae7     NSVLH1 0ae2       CVHB 0b8b
      NSVLM 0b22      NSVLK 0afc     NSVLJ1 0af7       CVDB 0be7
      NSVLL 0b03     NSVLLA 0b1c      NSVLP 0b39      NSVLN 0b30
     NSVLP1 0b48     NSVLP2 0b54     NSVLP3 0b6d     NSVLP4 0b74
       HVAL 0b89      CVHB1 0b98      CVHBS 0bd5      CVHBD 0bd1
       DVAL 0be0     DCOUNT 0be2      TENVL 0be3      DXSAV 0be5
      CVDB1 0c00      CVDB2 0c04     MPY163 0c48     MPY167 0c54
     DIV153 0c79     DIV151 0c6e     DIV163 0c83     DIV165 0c90
     DIV167 0c91      PLEND 0ce6     PRINT1 0ce0      LINCK 0ce7
       OUTL 0d2e     LINCKA 0cf2     SPACER 0d01     LINCKB 0cff
      HEADR 0d08     MCOUNT 0d22        POP 0d23       OPCD 0d24
       ADR2 0d26      LINEN 0d27      CVBTD 0e19     OUTLB1 0d4d
     OUTCHR 1911     BLANK6 0e16      OUTLA 0d62     BLANK3 0e13
      OUTL2 0d8d     OUT4HS 18fa      OUTL1 0d7f     BLANK5 0e15
      OUTL6 0dc4     OUT2HS 18fc      OUTL3 0d9a      BLANK 0e10
      OUTL4 0dac      OUTL5 0dbe     OUTL6B 0dea     OUTL6A 0de8
     OUTL7A 0df2      OUTL7 0df5      SAVEX 0e5a       KIOK 0e4f
     CVDEC1 0e1f      SAVEA 0e59     CVDEC2 0e22     CVDEC5 0e2d
     SAVEX1 0e5c      ERNUM 0e5e      ERMSA 0e60      ERMSB 0e6c
      ERMSC 0e70      PEXIT 0eb9     ADDR1B 0ecf     ADDR1A 0ec7
     ADDR1E 0f2a      ABRCK 1177        ABR 1144     ADDR1C 0ef2
      IMMED 1145     ADDR1K 0efd      P2ERR 1197     ADDR1D 0f09
      ORBYA 1147      ORBYB 1148     ADDR1H 0f45      INXCK 1184
     ADDR1G 0f3b     ADDR1L 0f20     ADDR1F 0f2f     LCNAB3 1224
     ADDR1J 0f48     LCNAB2 11d6      LCLCN 1278     ADDR2B 0f60
     ADDR2A 0f58     ADDR2E 0f92     ADDR2G 0fa3     ADDR2K 0f88
     ADDR2F 0f97     ADDR2J 0fb0     ADDR2H 0fad     ADDR3B 0fc8
     ADDR3D 0ff2     ADDR3C 0fdf     LCNAB1 11aa     ADDR3F 0fff
     ADDR3E 0ff7       LCN3 1242       LCN2 11f4     ADDR4A 1019
     ADDR5B 1037     ADDR5A 102f     ADDR5E 107d     ADDR5C 1054
     ADDR5D 1061     ADDR5G 1089     ADDR5K 1078     ADDR5F 1082
     ADDR5J 1091     ADDR5H 108e     ADDR7A 10b5     ADDR7B 10c3
     ADDR7C 10cd     ADDR7D 10d0     ADDR8A 10e8     ADDR8D 111e
     ADDR8E 110e     ADDR8C 111b     ADDR8F 1115     ADDR9A 1135
     OUTSET 1862     OUTBIN 189a      INDEX 1146     ABRCKA 1180
     INXCKR 1193     P2ERRB 11a9     P2ERRA 11a3     LNAB1S 11d2
     LNAB1O 11c6     LNAB1B 11c0     LNAB1C 11c3      LCN2B 121d
      LCN2A 1208       LNB2 11ec     LNAB2S 11ef      LCN3B 126e
      LCN3A 1250       LNB3 123a     LNAB3S 123d      LBLCK 17b1
     POEND2 12a4      ENDP2 12b2      ENDP3 12bf       CRLF 13fa
      SORT1 12c9      ENDP6 1389        ZZZ 1404     CBLOCK 140d
      SORTF 1411      SORT3 12e0      SORT2 12d7     SORT2A 12f0
      SORT5 1327       CXS2 140f      SORT4 131a      ENDP4 132f
      ENDXS 1412      ENDP5 137c      REDEF 13c6      ENDMB 13dd
      ENDMA 13d1       CMSG 13ea      ENDP7 13c3     ENDP6A 13bd
     OFINAL 1882      MCRLF 1401     PBLOCK 1414      PBLK2 1419
       PBXS 142b      EQUXS 1489       EQUB 1443       EQUA 143e
       EQUE 1483       EQUC 144f       EQUD 147a       EQUF 146e
       ORGB 148e       ORGC 149d       ORGA 1498       ORGE 14b9
       ORGF 14a4       ORGD 14b0       FCBB 14d1       FCBA 14c9
       FCBC 14ee       FCBD 14f1       FCCB 1509       FCCA 1501
       FCCG 1548       FCCC 1518       FCCD 1520       FCCE 1536
       FCCF 1542       FDBB 1563       FDBA 155b       FDBC 158c
       FDBD 158f       FDCE 1583      POIFB 15aa      POIFA 15a2
      POIFE 15cd      PSHIF 1704      POIFC 15c8      CMFLG 15d3
     MACERR 15d4     POMAC2 1616     POMAC1 15f6     POMAC5 1636
     MACMOV 168a     POMAC6 1648       MEND 16d8     POMAC8 1671
     POMAC7 1677     POMACA 1687     MACMVE 16c5     MACLOP 169a
     MACMV1 16bb     POENT3 16c6     POENT4 16d5     PONAM1 16f2
      PULIF 1718     PSPLER 172c     PSPLCM 1733     PAGEND 1758
      PAGEA 174f       RMBB 176d       RMBA 1768       RMBC 1782
       RMBD 1785     RMBOUT 179a     RMBOTA 17a1     RMBOTB 17b0
     LBLCK2 17c4     LBLCK1 17be     OSAVEX 17c5       OBUF 17c7
      OBUFE 17e7       OPTR 17e7      OSIZE 17e9     OCKSUM 17ea
      OADDR 17eb     OBADDR 17ed     OFLUSH 17ef      ONONE 184f
     OUTISO 18cb      OFLOP 1831       OCHK 183e     OUTSDN 1872
         S9 1875     OFDONE 1899     OFILOP 188f     OUTRET 18ca
     OUTSPC 18b4      OUTHL 18d7      OUTHR 18db     PDATA2 18e6
      OUT2H 18f1     OUT2HA 18f3     OUTHLL 1903     OUTHRR 1907
       OUTS 18fe     OUTCHE 1928     OUTCHL 191e      FGETB 193b
      FOUTB 1947     REWIND 1955     XXSAVE 1939
